,MMM,ABT,ABBV,ABMD,ACN,ATVI,ADBE,AMD,AAP,AES,AET,AMG,AFL,A,APD,AKAM,ALK,ALB,ARE,ALXN,ALGN,ALLE,AGN,ADS,LNT,ALL,GOOGL,GOOG,MO,AMZN,AEE,AAL,AEP,AXP,AIG,AMT,AWK,AMP,ABC,AME,AMGN,APH,APC,ADI,ANSS,ANTM,AON,AOS,APA,AIV,AAPL,AMAT,APTV,ADM,ARNC,ANET,AJG,AIZ,T,ADSK,ADP,AZO,AVB,AVY,BHGE,BLL,BAC,BK,BAX,BBT
MMM,1.0,0.9359527108060354,0.9264660012508286,0.8084012839869875,0.9649021920824489,0.9356077510414413,0.9056935363645925,0.4697717650516913,0.6907272897777449,0.43686036127353195,0.9740348690011242,0.6519063846944111,0.9566075369114851,0.9634477758296732,0.9821511699024053,0.7401814160191154,0.8905022399478498,0.8577823208557197,0.9538516910592771,0.5963035778155328,0.8287922170466648,0.9461588668912166,0.7037555662043015,0.7424599090894295,0.9755681566909818,0.9878450283079179,0.9685686080891097,0.9676420978509492,0.948574473219432,0.8809224055932072,0.9722365095949067,0.9124825513185539,0.9742226466937142,0.8438046473427488,0.8887048818322723,0.9741130097327253,0.9702111350269526,0.9514966860843119,0.8629314347614826,0.9311866494948834,0.9583309764405331,0.9867458243770625,-0.251555069497303,0.9656492441660138,0.9087476583713255,0.953052459815671,0.9877546334139718,0.9826573837950867,-0.8219922889734135,0.946757237123515,0.9282474122948102,0.9315485450503755,0.9360204547699132,0.848972673083104,0.001440938062320642,0.8798233284155413,0.9551754966659862,0.9634362018540502,0.8778438336069457,0.9119380398979684,0.965821440172584,0.83772252185828,0.9033748194036592,0.9666442516040641,0.05767242357302696,0.9522504944821375,0.8731004062246266,0.9679006765805535,0.9452298839831071,0.9492845008450569
ABT,0.9359527108060354,1.0,0.9483510941747371,0.8573527654628897,0.9527821076025142,0.8988151448083264,0.9218001179314598,0.4383642357001696,0.6996006872871304,0.5372349014768908,0.9576783890327942,0.7028475881245413,0.9239663136829208,0.9224189658669519,0.9458601287912041,0.7802196461534091,0.8108006339323091,0.7502184960096533,0.8886568478573641,0.674693099027937,0.8721783905008544,0.8171227337709239,0.6968541845817122,0.7871643755127627,0.919599135015917,0.9619320685905418,0.9404793172125046,0.9411950690218348,0.8609416983248942,0.8942443568110212,0.9280916812429478,0.8633828957440145,0.9248622793691844,0.9172402283365231,0.8231947333589953,0.9568312891281272,0.9125967864933475,0.943508951163402,0.8647155481742388,0.9751977729319506,0.9556565540387612,0.9602709589271348,-0.08894291141208686,0.945716915972478,0.9517438120749983,0.9542177767041883,0.9523426537150755,0.9228973967504854,-0.8257436435540129,0.8858970850902878,0.9607975797678411,0.8552509599742183,0.9506325911866924,0.857632892378166,-0.0989754275806309,0.9311377386996718,0.9695710135284098,0.9000342948455811,0.8118429766383076,0.8983432090174176,0.9656733982291124,0.8165857879436677,0.8608372705763014,0.9100930740715554,0.00379596439695518,0.9166482596305559,0.8395948578222192,0.917246125071452,0.9404966799187406,0.9443393299812262
ABBV,0.9264660012508286,0.9483510941747371,1.0,0.8891747466473326,0.9351619171635697,0.9209834923209891,0.9361919506753447,0.7354102334019293,0.14381065185693076,0.23698759132218686,0.9453178400963238,0.002134062364391954,0.9328768772802988,0.9408828249248922,0.9203367144382524,0.5566583288389206,0.5241558665676329,0.7487726603326597,0.8933829491293734,-0.09372137852054684,0.9094731826315203,0.8553823208137201,0.0518656720311112,0.1649058996073489,0.8508466200994551,0.940028741359176,0.912098130968681,0.9167529210330165,0.7126494822461833,0.9055751888977887,0.8741813263912739,0.6638461358262395,0.8459572121180124,0.7209773931258429,0.6117118108694656,0.925966909978357,0.8510195106491426,0.8853854185437092,0.5766633926127641,0.9385659638948654,0.8816100560721805,0.9519545706426823,-0.4570168459735864,0.9270870709529846,0.9262026848732141,0.9500054019260307,0.9260238400384397,0.9047260163779398,-0.6798413265243791,0.7477733373319796,0.9268736286260706,0.9104458923574881,0.9348350729914443,0.613501308369247,0.06256850365418726,0.9573923388517673,0.9415266705026891,0.807937084703415,0.5708942890044386,0.9201095007918924,0.9212014615937085,0.4973107617380407,0.6847373625335378,0.9450587876056483,-0.2005625063138387,0.7889669011604702,0.9265908573905679,0.9306913405295874,0.9257639930994608,0.9313578411259889
ABMD,0.8084012839869875,0.8573527654628897,0.8891747466473326,1.0,0.8994888754300691,0.931839198348806,0.9727331192679153,0.7172620103497208,0.4577439193804971,0.4391302853856693,0.8933559839151364,0.28881460775597706,0.8775053254319107,0.8618560975109651,0.824355077106515,0.6255113544957459,0.6082750533892451,0.7187331869723946,0.8737409091379128,0.2749072041235953,0.9745077407751168,0.8199380431934462,0.35509270522688313,0.413800328455247,0.8109967846960915,0.8286859621814957,0.8841436723938988,0.8894185639517718,0.7127322390826883,0.9779635541604683,0.8483322846947068,0.6023611194428486,0.7867076293941719,0.6933540985972111,0.5782530770489575,0.846353984351587,0.8272383193730735,0.7312677335611316,0.596856896671952,0.8015689228382394,0.7720845197338919,0.8681384360222422,-0.2812676249812241,0.890440064568636,0.9328376420272223,0.9090441276528236,0.8371006793589675,0.8488368501264785,-0.6832000483944947,0.7415678775329202,0.8918033620770581,0.848205796804101,0.8095053845161969,0.6412890098055647,-0.1859215971780206,0.9045049213964483,0.8644839018974456,0.8004347655250968,0.6104995742684638,0.9289680578187102,0.8938037580280559,0.6107885670309167,0.6953255052766976,0.893302538557289,-0.11801990005936121,0.7235693362818431,0.851861844610295,0.8251153029434254,0.9128804021783686,0.8491794044345667
ACN,0.9649021920824489,0.9527821076025142,0.9351619171635697,0.8994888754300691,1.0,0.9644068941329796,0.9529312953064568,0.5308728131392224,0.6718443845748687,0.4311636217537215,0.9860625094786016,0.5667733380845627,0.9573148750732505,0.9551455816038416,0.9620187777726976,0.7151556633861724,0.846472481750913,0.8411738292721261,0.9559065639925005,0.5459947609284004,0.8972414270831315,0.943983776621441,0.6299580177175805,0.6803753152508697,0.9686908752495876,0.9675857770423146,0.9836146630092107,0.9840599836452858,0.9233157194753059,0.9507056769079154,0.9764095271923386,0.8310149224186345,0.9602684076484078,0.8259082279125037,0.8259927644782852,0.9765078779383569,0.975211193774105,0.9008109483511317,0.8144270417227826,0.9365440334215428,0.9415945011480196,0.9824410568408884,-0.2619536983999713,0.9786674447844566,0.9588653403637265,0.9640520770590731,0.9748159511553792,0.9795889998979859,-0.8362963515816487,0.9325504758227724,0.9531074873839374,0.909826954842394,0.9143275671827696,0.7964705074431601,-0.15991472122704375,0.9147481135969228,0.9690352677052343,0.9517167592757916,0.8640582803037672,0.9341104834787712,0.9844504606472819,0.8378169537048796,0.8973151308185061,0.9723371842976828,-0.029485307854392705,0.9257420368411893,0.8605412385656399,0.9402748016244977,0.9724302681777671,0.9477816961573702
ATVI,0.9356077510414413,0.8988151448083264,0.9209834923209891,0.931839198348806,0.9644068941329796,1.0,0.9745637653155005,0.6685725165686891,0.5318986709369586,0.3796124729706023,0.9651786023283175,0.4144752020433524,0.9483883799992863,0.9549161402121468,0.9158852645514559,0.6303074883560699,0.7751845708617295,0.8664407846783766,0.959793161401802,0.3813771280879488,0.9357694564549842,0.9512924455550633,0.5038664994967537,0.5391717601486902,0.9281581507902233,0.931879785359836,0.9691250093055466,0.9713237361007921,0.8688317987395595,0.9725590237282102,0.9499266238253921,0.7555225582526768,0.912576451909923,0.7508909177464795,0.745809259230062,0.9467694666617381,0.9385095000493034,0.8440681328951644,0.7102819210173783,0.8712209339006725,0.8738862949786939,0.9552014974404652,-0.37296346580881085,0.9610822224038792,0.9474363019990112,0.9563275894195615,0.9426582034186245,0.9587675572992642,-0.7810569518083434,0.8727075610077493,0.93144524554701,0.9468403783819053,0.8867461082651268,0.7148295091544313,-0.11647885965379945,0.9224295014549733,0.9286568739011414,0.9251034172956389,0.7691669399917598,0.9675500206160698,0.9487530506981982,0.7108231353190045,0.8269297282981114,0.9783168260370344,-0.072862543673859,0.8537733371832947,0.9001931613793362,0.9277392592943633,0.9714827427113495,0.9192217211731548
ADBE,0.9056935363645925,0.9218001179314598,0.9361919506753447,0.9727331192679153,0.9529312953064568,0.9745637653155005,1.0,0.6857720157689036,0.5272382234307029,0.4780165830391065,0.9545724771998304,0.431777226798335,0.9478847133723215,0.9421933771698555,0.90574523776832,0.6848411526026628,0.7136379403346075,0.8055612496559728,0.9283248296982557,0.3855861215358528,0.9771584256192282,0.8736345372860386,0.4704434589881802,0.5428241020081073,0.8914974891460252,0.9213509863948697,0.9521072647889509,0.9564492904609393,0.8042620654783393,0.9881282955879754,0.921272643352384,0.7319995268754053,0.8751329424334232,0.7954936934083708,0.7029435489948225,0.9251056627662513,0.899304522245583,0.8468669933074374,0.6950074666929005,0.8870548498669321,0.8588968871655754,0.9458697528187066,-0.260478550374965,0.9538758517395124,0.9698942111939204,0.9641312586591185,0.9225541812109915,0.9231725653137628,-0.7388203129323916,0.8240937933554933,0.9407952899091099,0.9254822347785011,0.8938777293409461,0.7393399037538676,-0.09627717450636106,0.9637019737649865,0.9367215264407014,0.885980396505985,0.7056180047825817,0.9757976268612886,0.9514965955108463,0.6816085907245649,0.7717927927055986,0.9567417182758827,-0.05174471023598258,0.820272980572702,0.9212428705183558,0.9129204198057438,0.9686610946925709,0.9274323279272173
AMD,0.4697717650516913,0.4383642357001696,0.7354102334019293,0.7172620103497208,0.5308728131392224,0.6685725165686891,0.6857720157689036,1.0,0.023609840979207222,0.33597739384448827,0.5438850337626288,-0.15414467426127523,0.5761234120233019,0.6003641211181276,0.44879897758775816,0.2098390013514943,0.25565839593086925,0.6270887950519458,0.6083107412810025,-0.2218928985251694,0.7443713313089512,0.80068636304593,-0.09933674590612003,-0.04580696428577327,0.458882851732636,0.47699688089082026,0.5441385132817285,0.5526684072931386,0.3643704106400346,0.7072393156978536,0.5279187745747691,0.19904453448989667,0.41336627288558936,0.3324803639260059,0.21256173890406316,0.48838214425630666,0.47799765485914314,0.36556105823915314,0.11982743713222771,0.38168644151195646,0.35028861680291934,0.5313918507740495,-0.3114830507119434,0.5757527500127013,0.5907685806139508,0.5861093862617114,0.4919291192636732,0.5008814192154142,-0.20896258246387242,0.3841235584721541,0.5622102887592011,0.634725362099261,0.5691403970916958,0.2961893253782536,0.05795732488494965,0.8045502532800737,0.5210548849779362,0.483568195832445,0.2485971479758044,0.7180587426389655,0.5421710215184377,0.13670895858453336,0.31372430762775666,0.5954262083325772,-0.019592996224442532,0.33086843903385943,0.6765611538414324,0.5102132909188289,0.6186670203077906,0.5282415271088993
AAP,0.6907272897777449,0.6996006872871304,0.14381065185693076,0.4577439193804971,0.6718443845748687,0.5318986709369586,0.5272382234307029,0.023609840979207222,1.0,0.40504863441374944,0.6809324203363696,0.6829710493957661,0.6037872864969539,0.5560690672757015,0.7620881106341525,0.7960206359143264,0.8602193516384319,0.3439356018133752,0.6137006647823511,0.8411615882009664,0.390958603544137,-0.18833912149207566,0.9174021747653176,0.8514371969795457,0.7279444025439888,0.685929054762634,0.6714508974676575,0.6594399412609627,0.7868050329159536,0.5126252950791543,0.6923762850605055,0.822304301699218,0.7451185795860217,0.6484653991558387,0.8241395889596589,0.6678681779591804,0.7059165489434475,0.7145424389786544,0.8863632881941971,0.6957887776719511,0.813248567424312,0.6759706549528032,0.020608800488209008,0.632574921432975,0.5389807913381996,0.6413341980544246,0.7078602604323875,0.6703209779824671,-0.6951771385063084,0.7969108131794617,0.649771190132046,0.429963494305662,0.549923225615614,0.8362019664409963,-0.01861137719419597,-0.5321481447987688,0.6485041236219301,0.7523774354363743,0.7541249442880731,0.4853694746749442,0.7151730933709121,0.931880876318866,0.8075240677275566,0.574301909111146,0.22592995250023887,0.8255377998175436,0.4437645691729853,0.6725275055743438,0.5487471907419016,0.6408531058611739
AES,0.43686036127353195,0.5372349014768908,0.23698759132218686,0.4391302853856693,0.4311636217537215,0.3796124729706023,0.4780165830391065,0.33597739384448827,0.40504863441374944,1.0,0.44582257389427377,0.5385773548556099,0.5227667434816319,0.5097833698329336,0.4938994584831806,0.5098537471068088,0.2913022121702599,0.37752407414963174,0.3793530722958136,0.41971150084624265,0.48430787196909914,-0.024504088001419656,0.3295482342203422,0.5085887760969664,0.4253947927570436,0.47536251684449765,0.4429493168079499,0.4462115509456304,0.3073123585632782,0.4329046546988425,0.43703462558809253,0.41078043988118984,0.41131489248695224,0.6723743861663536,0.41541896633743763,0.4585594656121216,0.3946206595595494,0.5474531313532043,0.4101426430684479,0.5535500374795214,0.464592629671202,0.4829514584145069,0.5168334831075561,0.4715984357396197,0.494938257877303,0.4694998351658124,0.4855092845362521,0.3863971720978336,-0.0895418147560992,0.3799253976742326,0.47117941977601185,0.402431967318542,0.37548683843841524,0.6859255687400924,0.2603315412620699,0.36871569756953415,0.5564301538142713,0.43642773408639457,0.3631300707821866,0.4841202926897819,0.4979059162268307,0.3517679574314416,0.31580557864699094,0.3962274583224254,0.41202824158732626,0.44602414145401864,0.4437901234822794,0.45311491198674564,0.49447361258968775,0.5111157729994908
AET,0.9740348690011242,0.9576783890327942,0.9453178400963238,0.8933559839151364,0.9860625094786016,0.9651786023283175,0.9545724771998304,0.5438850337626288,0.6809324203363696,0.44582257389427377,1.0,0.5823975157943053,0.9574093843026894,0.9591279571753164,0.975036771283104,0.7458920677152105,0.8610054948929703,0.8288303393699258,0.9619783530848877,0.5549298625545505,0.8951598068237365,0.9478395850667665,0.663276489838946,0.6969039271135598,0.9639170560640825,0.9761049583863768,0.9791377270565652,0.9786894926808415,0.9204754033337805,0.9391262652185464,0.9724227431808183,0.8589838720915971,0.9584646856869045,0.8329456081712481,0.8395025329985792,0.972064433899522,0.9649001187309298,0.924012547484445,0.8445388286197358,0.9347530550575139,0.9490600010189961,0.9871761266896052,-0.26525990514444997,0.9796365429195181,0.9510785355750018,0.9881181244535734,0.9819986958244824,0.9771319987884663,-0.8369746198418508,0.9308712601857102,0.961710542625806,0.917433214062073,0.9451517312725559,0.8286131130929615,-0.08674329911541268,0.934831884034985,0.9617125642630854,0.956246606073131,0.8302712126451882,0.9402301769381315,0.9856205655971763,0.8264150718798536,0.8964229757255728,0.9739959145297534,0.012441924554657868,0.9317372634565388,0.8832909094900795,0.9615587363061713,0.9650715929724148,0.9514183676909562
AMG,0.6519063846944111,0.7028475881245413,0.002134062364391954,0.28881460775597706,0.5667733380845627,0.4144752020433524,0.431777226798335,-0.15414467426127523,0.6829710493957661,0.5385773548556099,0.5823975157943053,1.0,0.5848693383045452,0.584025330618543,0.6685425178976994,0.6963813867307961,0.6565050297522746,0.42628540750815436,0.46403372968361684,0.8736584515415083,0.34428144691605833,-0.38802560428621635,0.7932488287779332,0.9287531310661817,0.6020239696967075,0.6749394804654767,0.5628693452377803,0.5592348184688202,0.5975125723974495,0.36545063574483216,0.5656771688177988,0.7915610048680817,0.6315345337491326,0.8280068919227814,0.7764490252709636,0.622681192893718,0.5632678507223507,0.8095692860114593,0.8088832341468318,0.7704344961398565,0.7234555369104382,0.6281840479941494,0.3607627346438863,0.5840813413164603,0.5485519711878072,0.5611858454607473,0.6548142600926725,0.5775504335358437,-0.5268745249265763,0.6205585164622238,0.5726505507980074,0.4690534035986605,0.5444897580871871,0.7874587109212646,0.12024800629515651,-0.11136140323265041,0.6640386562935843,0.5994863248067914,0.6493199553994067,0.44393637899943955,0.6046953193794701,0.6804616167635072,0.614701985699945,0.5037921529441187,0.30525710144655066,0.7074308510787299,0.4578524221972206,0.6255041704662324,0.5307086827465632,0.641093941437649
AFL,0.9566075369114851,0.9239663136829208,0.9328768772802988,0.8775053254319107,0.9573148750732505,0.9483883799992863,0.9478847133723215,0.5761234120233019,0.6037872864969539,0.5227667434816319,0.9574093843026894,0.5848693383045452,1.0,0.9634339976062238,0.9456912120178126,0.7425497636858308,0.7944088973558319,0.8513235762298446,0.9307278913089885,0.4832137450022655,0.897118815539294,0.9151731664855006,0.5814092695251989,0.6533720436175816,0.9345077957317417,0.9620699901241652,0.9663199567421276,0.9684789325833617,0.866699670188736,0.9307167678005821,0.9437964654137084,0.8184190003468136,0.9218241577002272,0.8381941902461282,0.8353773214569739,0.9485249947056302,0.9343699067687071,0.912915147048672,0.7701964804833283,0.9198322307012256,0.9111556741681754,0.9716849678332546,-0.20804605538674512,0.9623473187842552,0.940862055567494,0.9421884465003036,0.964125566200712,0.9596056805568451,-0.743310976339154,0.8803199485473817,0.9102281289848022,0.9297390718187658,0.9277229790585866,0.8159678855592406,-0.044229652686287514,0.9361354071800135,0.9596210690184694,0.9373202047834304,0.8058340509416831,0.9415925558979079,0.9568548686703378,0.7520065987264528,0.810175583174825,0.972352741856644,0.028783569242070366,0.8838663390438224,0.9198211969410786,0.9572187142593451,0.9633462627770385,0.9488820098101689
A,0.9634477758296732,0.9224189658669519,0.9408828249248922,0.8618560975109651,0.9551455816038416,0.9549161402121468,0.9421933771698555,0.6003641211181276,0.5560690672757015,0.5097833698329336,0.9591279571753164,0.584025330618543,0.9634339976062238,1.0,0.9439484201211508,0.6670371928267894,0.7828290828212856,0.9131532050097357,0.9453003228061236,0.48633888694147737,0.9003245257159606,0.9065974926409112,0.5586771864103136,0.6480462895598827,0.9334346770159409,0.9595985568593696,0.9560298929222604,0.9591257936689498,0.8676313639392361,0.9216978629710738,0.9479265436355409,0.8186248607935268,0.9207578875414392,0.852146080424443,0.7998079948241331,0.958292474794054,0.9328393584723907,0.9237720887714687,0.7598096785092091,0.9295865381638806,0.8933695930135105,0.9722040360689396,-0.20375138507738227,0.9701976573525202,0.9469717224786178,0.9531165807141104,0.9653800406981324,0.9541606435243043,-0.7164656659305274,0.8801676243711399,0.9332081561416461,0.9621835589405819,0.9126607110070031,0.7946916734456708,0.027183654713133276,0.9444283266012043,0.9625444425095321,0.9207849805166651,0.8033719992016434,0.9654205706558627,0.9501688836176294,0.7249356865128769,0.8323909592565634,0.9663146703533715,0.0863223129250964,0.8880039636395425,0.9015470117547937,0.9418698410093084,0.9711429645365713,0.9479529408170855
APD,0.9821511699024053,0.9458601287912041,0.9203367144382524,0.824355077106515,0.9620187777726976,0.9158852645514559,0.90574523776832,0.44879897758775816,0.7620881106341525,0.4938994584831806,0.975036771283104,0.6685425178976994,0.9456912120178126,0.9439484201211508,1.0,0.8054102271519564,0.900193448417416,0.7988624304941399,0.9468688520707612,0.6473057696366451,0.8228717690989367,0.9222871932614333,0.7456871550897116,0.7713950559284234,0.9684742112220635,0.9759088261835931,0.9594846032158517,0.9574919523386053,0.9386393226955575,0.8792537978785353,0.9641867510818074,0.9219428969553367,0.9653502087131267,0.8535349840823752,0.893666478596287,0.9613903252309579,0.9601105739758572,0.9520049444801943,0.8957227809518462,0.9348595877308152,0.967820165288773,0.9812693509685922,-0.174180034505246,0.9602970208616141,0.9024827555871745,0.9594084589335208,0.9833375251436949,0.9676591698827105,-0.8062943404294747,0.9526548106839478,0.9380619164078875,0.8946810246328994,0.949807769318429,0.8963951054421542,0.019844369737684418,0.9163807355340484,0.9500653622860389,0.9584503219504641,0.8618709167181865,0.902872522871858,0.9752249968209816,0.875642081130029,0.9147717044264716,0.9441438992381693,0.12759427486827257,0.9660263103496884,0.848556024796936,0.9643339097899782,0.9287067454160773,0.9428031631010914
AKAM,0.7401814160191154,0.7802196461534091,0.5566583288389206,0.6255113544957459,0.7151556633861724,0.6303074883560699,0.6848411526026628,0.2098390013514943,0.7960206359143264,0.5098537471068088,0.7458920677152105,0.6963813867307961,0.7425497636858308,0.6670371928267894,0.8054102271519564,1.0,0.7450330365629908,0.42889943092664706,0.6841828372668171,0.6783810480639042,0.5913394968320399,0.19342025303380636,0.7405863633916883,0.7658444776919779,0.7024348987718311,0.760678051211174,0.7190521670823093,0.7146951934675505,0.6934949521861169,0.6356207580143335,0.690328424552447,0.8238701243328576,0.7083649820518458,0.7523251177865906,0.8180264273338544,0.7022809105792224,0.6786836393779614,0.8112293543633953,0.831382173350161,0.7685316206161683,0.8004850600983163,0.7612158987175484,0.08323740167753309,0.7361940757152484,0.677296857801225,0.7491703535507115,0.7478604823466126,0.7165270802454915,-0.6318379685167853,0.7311672239228434,0.7265567761347927,0.604476772121218,0.7993176640500745,0.865815948695397,0.08282438164518044,0.2939004635158847,0.7375165219355577,0.7332839794518061,0.61982559513506,0.6452154621837849,0.7624674723579778,0.765651967011988,0.6773719389019701,0.6867563751738639,0.2233010100492286,0.7643755411822879,0.6973808542643929,0.7917375762769141,0.6498793455290565,0.7687188365911877
ALK,0.8905022399478498,0.8108006339323091,0.5241558665676329,0.6082750533892451,0.846472481750913,0.7751845708617295,0.7136379403346075,0.25565839593086925,0.8602193516384319,0.2913022121702599,0.8610054948929703,0.6565050297522746,0.7944088973558319,0.7828290828212856,0.900193448417416,0.7450330365629908,1.0,0.669206820540611,0.8395265778664108,0.7218615922915725,0.5778100513952114,0.605766346684886,0.8737309290619182,0.8107197312420982,0.9064804876682905,0.8759105114749495,0.8592707932262101,0.8498919851624998,0.9580680994378372,0.6975093503577097,0.8812133336389936,0.9299963261805982,0.9155643626874331,0.7137541382833541,0.933275453429246,0.8533562289304665,0.8902823605328478,0.8519011620500924,0.9214900128115788,0.8117311905798029,0.9216237176329479,0.8637164192157746,-0.2521237327781818,0.839513916819553,0.7158599900044581,0.8180743831914393,0.8908406449647146,0.8867705112378093,-0.8398700734783032,0.9428353698372852,0.8022524959886447,0.7258629640390543,0.785065778695987,0.829108348625399,-0.04038914797596923,0.08080330166935254,0.8083021458457382,0.9249888847261817,0.8877900589974412,0.7183199425456535,0.8632158706302602,0.919200262515498,0.9325653095561653,0.8091924303890937,0.15272134293238426,0.9412391394664187,0.6866175222131901,0.8728785417996148,0.7659029722390951,0.8209452378329498
ALB,0.8577823208557197,0.7502184960096533,0.7487726603326597,0.7187331869723946,0.8411738292721261,0.8664407846783766,0.8055612496559728,0.6270887950519458,0.3439356018133752,0.37752407414963174,0.8288303393699258,0.42628540750815436,0.8513235762298446,0.9131532050097357,0.7988624304941399,0.42889943092664706,0.669206820540611,1.0,0.8713698245170594,0.286866715549275,0.7880327003561726,0.8315256782105662,0.35545099547076986,0.4604208441975574,0.8488054146923912,0.8434569897869171,0.8372469890588371,0.8409907135116199,0.7887845921991118,0.8024723635166078,0.8654267301366396,0.6568318100640271,0.8270805805367285,0.7001197697267967,0.6776950111728646,0.8641314508134529,0.8553024734224287,0.7760970322995204,0.5480618916519037,0.7765844756847317,0.7333780198702633,0.858104077640759,-0.27970703723045437,0.8734876636208891,0.8212137800364109,0.800851713116466,0.8502229352527146,0.8628856080423303,-0.5874341178734407,0.7898297090085007,0.8028282185980201,0.9190850044411867,0.6875035990132181,0.6037999549065479,-0.026027682092018778,0.7400617872852971,0.8512388285520559,0.8197276062087877,0.7692784297812512,0.8723166437638318,0.8138826289476916,0.5632252650422821,0.7418401009189018,0.8720772505553841,0.03769589576290436,0.7608500488344273,0.7841965236837787,0.8096749879098286,0.8836208356845865,0.8253264172215852
ARE,0.9538516910592771,0.8886568478573641,0.8933829491293734,0.8737409091379128,0.9559065639925005,0.959793161401802,0.9283248296982557,0.6083107412810025,0.6137006647823511,0.3793530722958136,0.9619783530848877,0.46403372968361684,0.9307278913089885,0.9453003228061236,0.9468688520707612,0.6841828372668171,0.8395265778664108,0.8713698245170594,1.0,0.4443799321661377,0.8678285600023711,0.9538930792463837,0.5770612540723693,0.5860148929581454,0.9521195100457909,0.9440698000010174,0.9455994516663001,0.9451842518792497,0.9181135598761392,0.9215914309249301,0.9596407638369248,0.8159351461350802,0.9386284982006485,0.7388307160678282,0.7996763786313626,0.9516262960697548,0.9554934653123516,0.8649612872481466,0.7687777118599586,0.8563120882616175,0.8975648738426034,0.9624429215233408,-0.3478224813691768,0.9634189660851994,0.9014262060497014,0.947904707845076,0.9515835575249197,0.9668729288459751,-0.780627484520391,0.9333738292255699,0.9349397868417558,0.9388012387123981,0.8717539788388593,0.7717883872666809,-0.024778096826024897,0.8584144770564965,0.9195032448964866,0.9310072509581249,0.8237443208735085,0.9411301390853974,0.9488918878090371,0.7691248089999934,0.8901302525974677,0.962309769903851,0.03642739471044998,0.9036378458953919,0.8703228301122685,0.9410441747636816,0.9421334193765298,0.9209207025793695
ALXN,0.5963035778155328,0.674693099027937,-0.09372137852054684,0.2749072041235953,0.5459947609284004,0.3813771280879488,0.3855861215358528,-0.2218928985251694,0.8411615882009664,0.41971150084624265,0.5549298625545505,0.8736584515415083,0.4832137450022655,0.48633888694147737,0.6473057696366451,0.6783810480639042,0.7218615922915725,0.286866715549275,0.4443799321661377,1.0,0.27395429817265216,-0.63676080898582,0.907890326828534,0.9413815811426288,0.6076605412158123,0.6156873381376438,0.5443799307473629,0.5353575997469867,0.6378937814066067,0.33707620204104993,0.5700067510843522,0.7925505817699833,0.6442868789210734,0.7318746590576384,0.7494150522101078,0.5997148058461605,0.5722445391563494,0.7149783125821974,0.837207989302705,0.705085514637299,0.7413532459920138,0.5758395979568086,0.23827336295042226,0.5208556839059301,0.4717107965835264,0.5211868312510667,0.6168091352626418,0.5377783952657528,-0.6182320064734413,0.6608871456434963,0.5748826283416565,0.34378207670267447,0.42569332053003733,0.7610749287191612,0.010678100145691096,-0.6204479708225428,0.5920307374633693,0.6023828704525859,0.6706258712566792,0.37225654552997756,0.5938871262443343,0.7928582885986678,0.7032203614873834,0.42812970790330673,0.2323381927116183,0.7431794022412053,0.3149259664303716,0.5526700143471046,0.4617286278506604,0.5711359543343696
ALGN,0.8287922170466648,0.8721783905008544,0.9094731826315203,0.9745077407751168,0.8972414270831315,0.9357694564549842,0.9771584256192282,0.7443713313089512,0.390958603544137,0.48430787196909914,0.8951598068237365,0.34428144691605833,0.897118815539294,0.9003245257159606,0.8228717690989367,0.5913394968320399,0.5778100513952114,0.7880327003561726,0.8678285600023711,0.27395429817265216,1.0,0.8261417582124588,0.3220428427905429,0.43372515317737526,0.8104935774816969,0.852324071955588,0.8910645962623928,0.8984167518861763,0.6955326922829742,0.9720240975046633,0.8559045042034356,0.611436180257347,0.7903207910138185,0.7557327713060045,0.5796872574459243,0.8654780524033295,0.8240346602601438,0.7742175589844706,0.5715702543153839,0.8342589880778002,0.7668919019706166,0.8845006410470707,-0.23813094175980126,0.9024957123726196,0.9555920254740231,0.9158774183923011,0.8482761703040765,0.8479293383775479,-0.6492663493876624,0.7234980374058364,0.9026022899898898,0.8898248677955283,0.8179777686882352,0.6430203032904244,-0.12636561180997716,0.9630262307583497,0.8913739286395925,0.798773943041821,0.6051595117595329,0.9541500943435217,0.8937005160037659,0.5624325034203558,0.6735774737827636,0.9051679357511199,-0.10487834548100047,0.7158022979444421,0.8855452989444468,0.8323531118416084,0.9371105004771977,0.8692797054030359
ALLE,0.9461588668912166,0.8171227337709239,0.8553823208137201,0.8199380431934462,0.943983776621441,0.9512924455550633,0.8736345372860386,0.80068636304593,-0.18833912149207566,-0.024504088001419656,0.9478395850667665,-0.38802560428621635,0.9151731664855006,0.9065974926409112,0.9222871932614333,0.19342025303380636,0.605766346684886,0.8315256782105662,0.9538930792463837,-0.63676080898582,0.8261417582124588,1.0,-0.3246546538060458,-0.38730259744852513,0.9386466224934698,0.9302759984315251,0.9283634210160974,0.9253156776723943,0.8441707103182066,0.8832620937736577,0.9441623082458983,0.5247089960191026,0.9369814129341234,0.4127159694276693,0.6438338054034299,0.9476737763737137,0.9400034889494087,0.7083463176289005,0.3627051515137656,0.7895610288004258,0.8996775562780008,0.9406642340940252,-0.619034316255332,0.928307653512941,0.8610384570013694,0.8949430720283557,0.962259945116049,0.9567121452344439,-0.7237241676503142,0.8767678844763291,0.8813150625234474,0.8765525470672598,0.83161654348936,0.2993341498713151,-0.3395035706926152,0.8467894132763425,0.8856508499399258,0.9127352932050796,0.7075953388649137,0.8899806817145054,0.907396896230561,0.4036049407547554,0.8201789365964552,0.9511656151573735,-0.4931862805508669,0.8981592277292735,0.8314570682621456,0.9130063446452742,0.9136479717351098,0.8456693833363796
AGN,0.7037555662043015,0.6968541845817122,0.0518656720311112,0.35509270522688313,0.6299580177175805,0.5038664994967537,0.4704434589881802,-0.09933674590612003,0.9174021747653176,0.3295482342203422,0.663276489838946,0.7932488287779332,0.5814092695251989,0.5586771864103136,0.7456871550897116,0.7405863633916883,0.8737309290619182,0.35545099547076986,0.5770612540723693,0.907890326828534,0.3220428427905429,-0.3246546538060458,1.0,0.9142040595498631,0.713521130390775,0.698751475536912,0.6458858643562788,0.6332763134169398,0.7774861063022692,0.4297726703045336,0.6665192824184453,0.8742274553095086,0.74534346198503,0.6637164249834222,0.8584229567749652,0.6629989724652651,0.6802328158169211,0.7547810542179998,0.9331568921368625,0.702497122881612,0.8233619468997834,0.6632127278099335,-0.003947327833913638,0.6067005499824546,0.5031679066513302,0.6248364135145703,0.7122965078605338,0.6596225872157211,-0.7224476722043228,0.7825618780231786,0.6196567367833153,0.43944970677635087,0.594775519378326,0.8164556708391308,0.05781330935176494,-0.7588335221395475,0.622079108984634,0.7321694202625674,0.7358228620345335,0.4518614759227514,0.6762677302805153,0.87821921782097,0.8016507330471162,0.5580674485115017,0.2512499699776936,0.8309504177542296,0.4304242219192702,0.6815345183819522,0.5274877535430625,0.6206569075905005
ADS,0.7424599090894295,0.7871643755127627,0.1649058996073489,0.413800328455247,0.6803753152508697,0.5391717601486902,0.5428241020081073,-0.04580696428577327,0.8514371969795457,0.5085887760969664,0.6969039271135598,0.9287531310661817,0.6533720436175816,0.6480462895598827,0.7713950559284234,0.7658444776919779,0.8107197312420982,0.4604208441975574,0.5860148929581454,0.9413815811426288,0.43372515317737526,-0.38730259744852513,0.9142040595498631,1.0,0.7256863942638703,0.7595845948033622,0.688622909984305,0.6819522648034214,0.7444689349984861,0.49413444837096926,0.6956311184731839,0.8865670472798481,0.7532071025863363,0.8534784137472884,0.855931145101792,0.7227482210986491,0.6915805761146092,0.8520996980074036,0.912650760750085,0.8269161856098592,0.8395612394151573,0.7208758185810019,0.20607899148414524,0.6793087302427234,0.6247017907814444,0.6683495776305887,0.7525187451026643,0.6876221034491369,-0.6809932975221111,0.7548834394912355,0.6890366490871264,0.5245443553497864,0.6926607918702072,0.8597690320843038,0.02760811166628047,-0.26652111583434224,0.7371796009289229,0.7401010129260123,0.7525045484613241,0.5347101847457701,0.7268296974540199,0.8375291672680988,0.7652271925704283,0.5928247050814117,0.2619557691959118,0.8282855605303705,0.5198210839128902,0.7099577009472035,0.616317988051953,0.7246115498483433
LNT,0.9755681566909818,0.919599135015917,0.8508466200994551,0.8109967846960915,0.9686908752495876,0.9281581507902233,0.8914974891460252,0.458882851732636,0.7279444025439888,0.4253947927570436,0.9639170560640825,0.6020239696967075,0.9345077957317417,0.9334346770159409,0.9684742112220635,0.7024348987718311,0.9064804876682905,0.8488054146923912,0.9521195100457909,0.6076605412158123,0.8104935774816969,0.9386466224934698,0.713521130390775,0.7256863942638703,1.0,0.9714253033163877,0.965187767051884,0.9627534499388936,0.9706344229590419,0.8816478968415445,0.9927566569427764,0.8785569089971854,0.9951423465466325,0.8085771072182684,0.8754729688041706,0.9790217815221935,0.9959204191435573,0.9020094860402839,0.8446298817812604,0.9082504029768216,0.9594625838028651,0.971925837991208,-0.2770039121083634,0.9538264885725664,0.8935610415332935,0.9272088627195586,0.9809805506416429,0.9777862193567308,-0.8472384374733332,0.9768744126191387,0.9224497941438905,0.8919751589428869,0.8825063862740318,0.8317229486920964,-0.10744117351291106,0.7752403670400382,0.9481568996581033,0.9739965441204073,0.9228011951972569,0.8900269098465956,0.9687752491854603,0.873452136184142,0.9448032536252648,0.9436369351605258,0.015072001277747299,0.9643904195077074,0.8050772049048609,0.931321356845705,0.9399468603550886,0.9214247692462982
ALL,0.9878450283079179,0.9619320685905418,0.940028741359176,0.8286859621814957,0.9675857770423146,0.931879785359836,0.9213509863948697,0.47699688089082026,0.685929054762634,0.47536251684449765,0.9761049583863768,0.6749394804654767,0.9620699901241652,0.9595985568593696,0.9759088261835931,0.760678051211174,0.8759105114749495,0.8434569897869171,0.9440698000010174,0.6156873381376438,0.852324071955588,0.9302759984315251,0.698751475536912,0.7595845948033622,0.9714253033163877,1.0,0.9686302443938163,0.968520893783498,0.9293955825905604,0.8921617242434274,0.9722908432522259,0.904921454846529,0.9718212475846184,0.881181766441348,0.8827190910010103,0.9812510418457565,0.9634394685829057,0.9604238387268262,0.8608675561692487,0.9528019937985825,0.9659289259616599,0.9911693769476353,-0.19957141416800248,0.9729809566982022,0.9334585566431157,0.9604204191538236,0.9876360810671787,0.9737282968594033,-0.8314634514594721,0.938705504765093,0.9480273763169327,0.9236559078036647,0.9509736125989084,0.8596746057023935,-0.03485546722639624,0.9337899669180906,0.9738906997108876,0.95589585476105,0.8687880480980396,0.922550756753756,0.9774452479561669,0.8222479694618281,0.8947549456512791,0.9572451668496287,0.035734473579909144,0.9463830819699531,0.8869349974110768,0.9678421865680441,0.9588602040422324,0.9653791005811134
GOOGL,0.9685686080891097,0.9404793172125046,0.912098130968681,0.8841436723938988,0.9836146630092107,0.9691250093055466,0.9521072647889509,0.5441385132817285,0.6714508974676575,0.4429493168079499,0.9791377270565652,0.5628693452377803,0.9663199567421276,0.9560298929222604,0.9594846032158517,0.7190521670823093,0.8592707932262101,0.8372469890588371,0.9455994516663001,0.5443799307473629,0.8910645962623928,0.9283634210160974,0.6458858643562788,0.688622909984305,0.965187767051884,0.9686302443938163,1.0,0.9997152305673058,0.9222338548995113,0.9446702425344354,0.9754030692223497,0.849036421923766,0.9583618358651191,0.8304237464736457,0.8479953086764338,0.9715632887430806,0.9682341538454591,0.908249948175605,0.8110182068073314,0.9308769892495029,0.940656322721761,0.9810404376363858,-0.27397287867936004,0.9720789814938643,0.9457636302306861,0.9577110459457443,0.9758682946835077,0.9792725053442498,-0.8218634446837964,0.9221973390854162,0.9381879588232315,0.9195032853750833,0.9239564462052884,0.8045828629286943,-0.11485447867018055,0.9089615475314201,0.9599536949934564,0.9711942166263013,0.849080353661271,0.9371827546462904,0.9774344320719155,0.8222155368022107,0.8796478081886817,0.973848668588562,-0.008179684470696068,0.9215558582002571,0.88588100678419,0.952561174426583,0.9680981054144897,0.9502752825173475
GOOG,0.9676420978509492,0.9411950690218348,0.9167529210330165,0.8894185639517718,0.9840599836452858,0.9713237361007921,0.9564492904609393,0.5526684072931386,0.6594399412609627,0.4462115509456304,0.9786894926808415,0.5592348184688202,0.9684789325833617,0.9591257936689498,0.9574919523386053,0.7146951934675505,0.8498919851624998,0.8409907135116199,0.9451842518792497,0.5353575997469867,0.8984167518861763,0.9253156776723943,0.6332763134169398,0.6819522648034214,0.9627534499388936,0.968520893783498,0.9997152305673058,1.0,0.9163616883289218,0.9489557512968063,0.9743588536401155,0.8434320662420494,0.9552995295533976,0.8328233672041061,0.840309447817962,0.9714355260343162,0.9662929065929826,0.9076764293817438,0.8033552226004631,0.9319118566545274,0.9367384171701922,0.9812097591049214,-0.27189683630659306,0.9731114410827663,0.9504376004916104,0.958716353825323,0.9747236748440551,0.9781421814184953,-0.8168380477876965,0.9165721330887985,0.9391305423398898,0.9239163821315297,0.923084428678601,0.7998475728430389,-0.11492275559987551,0.9178333783035162,0.9621911623424115,0.9674212039933207,0.8439029052420152,0.9418173223059939,0.9774544739192882,0.8135747255927149,0.8729978166389281,0.9753468809812426,-0.013075859118332006,0.9161763564224759,0.8904259917777605,0.9513483214900035,0.9713187155702674,0.951788327830911
MO,0.948574473219432,0.8609416983248942,0.7126494822461833,0.7127322390826883,0.9233157194753059,0.8688317987395595,0.8042620654783393,0.3643704106400346,0.7868050329159536,0.3073123585632782,0.9204754033337805,0.5975125723974495,0.866699670188736,0.8676313639392361,0.9386393226955575,0.6934949521861169,0.9580680994378372,0.7887845921991118,0.9181135598761392,0.6378937814066067,0.6955326922829742,0.8441707103182066,0.7774861063022692,0.7444689349984861,0.9706344229590419,0.9293955825905604,0.9222338548995113,0.9163616883289218,1.0,0.8023838295853986,0.9517897659064384,0.8944574988504174,0.9715454435195473,0.7323666210591167,0.9006063571607482,0.931609680470054,0.9681083466055546,0.865819411051956,0.8762900048193475,0.8519661440927221,0.9438997889138309,0.9238553966940242,-0.3257621123064509,0.9031981816617255,0.8094865686046516,0.8754031942436318,0.9393824193358524,0.9510594368731735,-0.864115646395532,0.978449770507458,0.8706931939527698,0.8245719497254033,0.8117773816415257,0.80454457504856,-0.1028401567500798,0.4893059806513077,0.8817892360687027,0.9571890342426684,0.9439932854271462,0.8046837757891153,0.9198627400449301,0.9125315364257067,0.9636508556152255,0.8928563838428292,0.027656794580596274,0.9620693289350473,0.7366739886047734,0.8996624032472047,0.8627755917554129,0.8715281512029613
AMZN,0.8809224055932072,0.8942443568110212,0.9055751888977887,0.9779635541604683,0.9507056769079154,0.9725590237282102,0.9881282955879754,0.7072393156978536,0.5126252950791543,0.4329046546988425,0.9391262652185464,0.36545063574483216,0.9307167678005821,0.9216978629710738,0.8792537978785353,0.6356207580143335,0.6975093503577097,0.8024723635166078,0.9215914309249301,0.33707620204104993,0.9720240975046633,0.8832620937736577,0.4297726703045336,0.49413444837096926,0.8816478968415445,0.8921617242434274,0.9446702425344354,0.9489557512968063,0.8023838295853986,1.0,0.9126055883859867,0.6793606133486654,0.8600589093753355,0.7460524796171428,0.672335647926333,0.910032268478856,0.897040649820257,0.7970612127067346,0.6583755781862959,0.8581318608402538,0.8344278360835834,0.9245410598979052,-0.3057858207912902,0.939249196934831,0.961629657730637,0.9408564769623764,0.9008560901100664,0.9155831373500829,-0.7346017577444263,0.8160764514764518,0.9253072493513486,0.9003625073974811,0.8436591278235464,0.6890066862912378,-0.17875910636703357,0.9276681099616284,0.9204215928284112,0.8764347365140992,0.7154309223869962,0.9586691178126477,0.9375802965508433,0.6820585802131305,0.7689222915420062,0.9463415844541198,-0.0953047856561874,0.8002988044194063,0.88635958614269,0.879296982369891,0.9579647915828741,0.9009583401207204
AEE,0.9722365095949067,0.9280916812429478,0.8741813263912739,0.8483322846947068,0.9764095271923386,0.9499266238253921,0.921272643352384,0.5279187745747691,0.6923762850605055,0.43703462558809253,0.9724227431808183,0.5656771688177988,0.9437964654137084,0.9479265436355409,0.9641867510818074,0.690328424552447,0.8812133336389936,0.8654267301366396,0.9596407638369248,0.5700067510843522,0.8559045042034356,0.9441623082458983,0.6665192824184453,0.6956311184731839,0.9927566569427764,0.9722908432522259,0.9754030692223497,0.9743588536401155,0.9517897659064384,0.9126055883859867,1.0,0.8567803380711791,0.9871525359724749,0.819090417288337,0.8457100326209085,0.9826436013315097,0.9913537284955988,0.9006656149800386,0.8131919014145348,0.9148696675960549,0.9473406817629477,0.9777952678748617,-0.2867919572265518,0.966195034763182,0.9192373285531641,0.9445166507262838,0.9797707491057482,0.9753163426255012,-0.8357196818857197,0.9593852357377927,0.9419179549987445,0.9100313639956641,0.885195342395995,0.8158077125692164,-0.11125847876714433,0.8347141948191201,0.9583618129094729,0.9721051745120931,0.8932983952012991,0.922083327080755,0.9785479240667759,0.8429094737601261,0.9283177710748453,0.9542659044278147,-0.004141320275516377,0.9448622906681245,0.8325466505336455,0.9315675334542438,0.9570879348959174,0.9307341902494307
AAL,0.9124825513185539,0.8633828957440145,0.6638461358262395,0.6023611194428486,0.8310149224186345,0.7555225582526768,0.7319995268754053,0.19904453448989667,0.822304301699218,0.41078043988118984,0.8589838720915971,0.7915610048680817,0.8184190003468136,0.8186248607935268,0.9219428969553367,0.8238701243328576,0.9299963261805982,0.6568318100640271,0.8159351461350802,0.7925505817699833,0.611436180257347,0.5247089960191026,0.8742274553095086,0.8865670472798481,0.8785569089971854,0.904921454846529,0.849036421923766,0.8434320662420494,0.8944574988504174,0.6793606133486654,0.8567803380711791,1.0,0.8962283609376632,0.8355073701794963,0.9340744685988838,0.8636167063992736,0.8519772608975713,0.9362534352939939,0.9421872499210018,0.8754403380219413,0.9287801404448558,0.8836198761521893,-0.09699949660612038,0.8418035467140685,0.7440394687688088,0.8373085993230958,0.8989066353129893,0.8673402167876855,-0.791025142952902,0.8950579353544443,0.8202115387790001,0.7673138726169124,0.8683377405969087,0.893591704260639,0.11897016147155447,0.3699470672057264,0.8392113175534975,0.8832953147892494,0.8253317846933681,0.7440230598418667,0.861577487454066,0.870869257404586,0.869929859036475,0.8080460949328323,0.2126161539836283,0.935431266802366,0.7406339893927574,0.8958543270735233,0.7779691046488884,0.8612030522155953
AEP,0.9742226466937142,0.9248622793691844,0.8459572121180124,0.7867076293941719,0.9602684076484078,0.912576451909923,0.8751329424334232,0.41336627288558936,0.7451185795860217,0.41131489248695224,0.9584646856869045,0.6315345337491326,0.9218241577002272,0.9207578875414392,0.9653502087131267,0.7083649820518458,0.9155643626874331,0.8270805805367285,0.9386284982006485,0.6442868789210734,0.7903207910138185,0.9369814129341234,0.74534346198503,0.7532071025863363,0.9951423465466325,0.9718212475846184,0.9583618358651191,0.9552995295533976,0.9715454435195473,0.8600589093753355,0.9871525359724749,0.8962283609376632,1.0,0.8161461473511805,0.8822897242764906,0.9780630517381317,0.9896812419154325,0.9099692857736034,0.8642529997281705,0.9133511646536177,0.967113115728766,0.9658257100264891,-0.2711163921150072,0.941698015092195,0.8829321429036036,0.9224098671264753,0.9765351447394885,0.9676788447433262,-0.8645271396217745,0.976544757799634,0.918154584476788,0.8743985054331732,0.8894186697591536,0.8354950044608197,-0.09152202336405862,0.76972125034801,0.939308635312965,0.9684382306010386,0.9222343328905778,0.8722054489931047,0.9621975178936526,0.881750107107567,0.950820901815467,0.9320947768258192,0.010053999642218307,0.9695212847994692,0.7903409285881077,0.9260711215235287,0.9280685796021464,0.9098071438792253
AXP,0.8438046473427488,0.9172402283365231,0.7209773931258429,0.6933540985972111,0.8259082279125037,0.7508909177464795,0.7954936934083708,0.3324803639260059,0.6484653991558387,0.6723743861663536,0.8329456081712481,0.8280068919227814,0.8381941902461282,0.852146080424443,0.8535349840823752,0.7523251177865906,0.7137541382833541,0.7001197697267967,0.7388307160678282,0.7318746590576384,0.7557327713060045,0.4127159694276693,0.6637164249834222,0.8534784137472884,0.8085771072182684,0.881181766441348,0.8304237464736457,0.8328233672041061,0.7323666210591167,0.7460524796171428,0.819090417288337,0.8355073701794963,0.8161461473511805,1.0,0.7926950880503695,0.8572397051430002,0.7853976326255533,0.9376114531000385,0.7944515882377281,0.9502375046008305,0.8601504485470187,0.8656714670449945,0.18849252929898744,0.8470482790750249,0.8567697152742446,0.8325960245364269,0.8632815713735054,0.7992518289996883,-0.6503464858922022,0.7649358798993168,0.8475892195576293,0.7703353237655415,0.8456746306434809,0.8666291730651668,0.02597794273543501,0.8074642413099807,0.9138166004259196,0.8102798675422296,0.7324769160836095,0.7980119796772526,0.8618243429708231,0.7142619198845339,0.7330774946740157,0.7762205973525309,0.18214691379452208,0.824439286198942,0.7713348047523272,0.8266641152486359,0.8424784843736769,0.8896527193513637
AIG,0.8887048818322723,0.8231947333589953,0.6117118108694656,0.5782530770489575,0.8259927644782852,0.745809259230062,0.7029435489948225,0.21256173890406316,0.8241395889596589,0.41541896633743763,0.8395025329985792,0.7764490252709636,0.8353773214569739,0.7998079948241331,0.893666478596287,0.8180264273338544,0.933275453429246,0.6776950111728646,0.7996763786313626,0.7494150522101078,0.5796872574459243,0.6438338054034299,0.8584229567749652,0.855931145101792,0.8754729688041706,0.8827190910010103,0.8479953086764338,0.840309447817962,0.9006063571607482,0.672335647926333,0.8457100326209085,0.9340744685988838,0.8822897242764906,0.7926950880503695,1.0,0.8450095701667321,0.8529809125003839,0.9009386819351279,0.9116351893957325,0.8502842002958669,0.9149604281235392,0.8666127756340706,-0.10149696325089294,0.832087927082111,0.727748516334212,0.7950576085870965,0.8874818980843018,0.869662299546172,-0.7563105150063903,0.9085641739211514,0.7763731137487415,0.7314994182563551,0.8461830070809239,0.8769713343746779,0.026773696458454083,0.2530344043939922,0.8301514270518479,0.9059401805866625,0.8662429745976724,0.7130341962952221,0.8447157412951087,0.8769108317085654,0.8642888947940343,0.8070181020804608,0.2062133017074102,0.9237482556074061,0.7278165852441671,0.8942426635446039,0.7637205631535544,0.8465487861464169
AMT,0.9741130097327253,0.9568312891281272,0.925966909978357,0.846353984351587,0.9765078779383569,0.9467694666617381,0.9251056627662513,0.48838214425630666,0.6678681779591804,0.4585594656121216,0.972064433899522,0.622681192893718,0.9485249947056302,0.958292474794054,0.9613903252309579,0.7022809105792224,0.8533562289304665,0.8641314508134529,0.9516262960697548,0.5997148058461605,0.8654780524033295,0.9476737763737137,0.6629989724652651,0.7227482210986491,0.9790217815221935,0.9812510418457565,0.9715632887430806,0.9714355260343162,0.931609680470054,0.910032268478856,0.9826436013315097,0.8636167063992736,0.9780630517381317,0.8572397051430002,0.8450095701667321,1.0,0.9771424258126654,0.924797602966192,0.8225015043656773,0.9458399574214051,0.9531209612878078,0.9834041122548253,-0.23024259684900109,0.9692646818408709,0.9412842490836482,0.9477608701603943,0.980860535790814,0.9728152489556957,-0.8355959927076736,0.944091713095585,0.9574320570506113,0.9190802727103907,0.9123614160134312,0.8234194689657194,-0.10103009594175176,0.9206574197580784,0.9742227000355491,0.9511757891498532,0.8844609370563905,0.9276619189744755,0.9733496245371374,0.8193165550312235,0.9159174947155826,0.9514715439684708,-0.0189864468614031,0.9464102088279557,0.8398072249128504,0.9365081984586155,0.969300998470192,0.9430444813791562
AWK,0.9702111350269526,0.9125967864933475,0.8510195106491426,0.8272383193730735,0.975211193774105,0.9385095000493034,0.899304522245583,0.47799765485914314,0.7059165489434475,0.3946206595595494,0.9649001187309298,0.5632678507223507,0.9343699067687071,0.9328393584723907,0.9601105739758572,0.6786836393779614,0.8902823605328478,0.8553024734224287,0.9554934653123516,0.5722445391563494,0.8240346602601438,0.9400034889494087,0.6802328158169211,0.6915805761146092,0.9959204191435573,0.9634394685829057,0.9682341538454591,0.9662929065929826,0.9681083466055546,0.897040649820257,0.9913537284955988,0.8519772608975713,0.9896812419154325,0.7853976326255533,0.8529809125003839,0.9771424258126654,1.0,0.8831198491238387,0.8216798376230202,0.8986239974889458,0.9480528908424686,0.9679200927376564,-0.31017417700797434,0.9528858429084787,0.8998993996261319,0.9267600504106293,0.9735558183344403,0.9788899690312756,-0.8472961159677482,0.9692887914087834,0.9211725502058628,0.8932669312870554,0.8644063645898323,0.8000851084804986,-0.13783646597041155,0.773742138665686,0.9430304450335986,0.9686422002938189,0.9197517015352566,0.8918609828749414,0.9668228249457741,0.8676148897707776,0.9389484393338559,0.9510457560889247,-0.02286162248204393,0.951898431739209,0.8034614219706996,0.9237421666555613,0.9442987088437669,0.9155657310172497
AMP,0.9514966860843119,0.943508951163402,0.8853854185437092,0.7312677335611316,0.9008109483511317,0.8440681328951644,0.8468669933074374,0.36556105823915314,0.7145424389786544,0.5474531313532043,0.924012547484445,0.8095692860114593,0.912915147048672,0.9237720887714687,0.9520049444801943,0.8112293543633953,0.8519011620500924,0.7760970322995204,0.8649612872481466,0.7149783125821974,0.7742175589844706,0.7083463176289005,0.7547810542179998,0.8520996980074036,0.9020094860402839,0.9604238387268262,0.908249948175605,0.9076764293817438,0.865819411051956,0.7970612127067346,0.9006656149800386,0.9362534352939939,0.9099692857736034,0.9376114531000385,0.9009386819351279,0.924797602966192,0.8831198491238387,1.0,0.8956816213275883,0.9605359073947914,0.9413308629365308,0.9478912694582532,-0.015977762419808462,0.9235721954851043,0.8793607122435627,0.9192472178398491,0.9478053113727382,0.9089491169817373,-0.7494382298964878,0.8810701841085461,0.9017777276471527,0.8661646615637065,0.9517464472707614,0.9100737263130316,0.10522174737413544,0.845447471263641,0.9388830591901205,0.907284949685452,0.8084959615095748,0.8599031733129427,0.9267854837188731,0.805355184756431,0.8411404071586985,0.8873019721120278,0.19041157397490793,0.9197391899686376,0.8514433823025994,0.942856038304252,0.8891482111011587,0.9368890606974831
ABC,0.8629314347614826,0.8647155481742388,0.5766633926127641,0.596856896671952,0.8144270417227826,0.7102819210173783,0.6950074666929005,0.11982743713222771,0.8863632881941971,0.4101426430684479,0.8445388286197358,0.8088832341468318,0.7701964804833283,0.7598096785092091,0.8957227809518462,0.831382173350161,0.9214900128115788,0.5480618916519037,0.7687777118599586,0.837207989302705,0.5715702543153839,0.3627051515137656,0.9331568921368625,0.912650760750085,0.8446298817812604,0.8608675561692487,0.8110182068073314,0.8033552226004631,0.8762900048193475,0.6583755781862959,0.8131919014145348,0.9421872499210018,0.8642529997281705,0.7944515882377281,0.9116351893957325,0.8225015043656773,0.8216798376230202,0.8956816213275883,1.0,0.8589977255829323,0.9329641056424454,0.8395591202339805,-0.05476176812695093,0.8043153610246488,0.7297963378496247,0.8249213992396225,0.863997656960036,0.8309139261720929,-0.8138027665192381,0.8831228091094376,0.804567215584025,0.6640219868821092,0.8447266906668163,0.891549993401469,0.026936601005367506,0.06570648671795616,0.8069256564451812,0.8501626550950424,0.8091559325173777,0.6758167691203875,0.8462463504757888,0.9177698372077946,0.8807007406190971,0.7602893514041708,0.19951863765516564,0.923282203931727,0.6541460807758551,0.8479870244355568,0.7319486870951947,0.805099923382368
AME,0.9311866494948834,0.9751977729319506,0.9385659638948654,0.8015689228382394,0.9365440334215428,0.8712209339006725,0.8870548498669321,0.38168644151195646,0.6957887776719511,0.5535500374795214,0.9347530550575139,0.7704344961398565,0.9198322307012256,0.9295865381638806,0.9348595877308152,0.7685316206161683,0.8117311905798029,0.7765844756847317,0.8563120882616175,0.705085514637299,0.8342589880778002,0.7895610288004258,0.702497122881612,0.8269161856098592,0.9082504029768216,0.9528019937985825,0.9308769892495029,0.9319118566545274,0.8519661440927221,0.8581318608402538,0.9148696675960549,0.8754403380219413,0.9133511646536177,0.9502375046008305,0.8502842002958669,0.9458399574214051,0.8986239974889458,0.9605359073947914,0.8589977255829323,1.0,0.934640632637669,0.9488953010580059,-0.018563856944141675,0.9374134046969421,0.9413068122056127,0.9238896309904525,0.9459164481410053,0.912623652722739,-0.7824726824796898,0.8724240325707667,0.9312763900757987,0.8500468560999687,0.9660737827869135,0.857185069158656,-0.07595392412915832,0.961837637563556,0.9697081263593023,0.8992592749138296,0.8272501523919389,0.8804917710139284,0.9445964581500305,0.8134585942602538,0.8525884221817851,0.8934176169617408,0.08033210479107498,0.9119106090226855,0.8195875129883083,0.904420762042308,0.924129623362137,0.9388405421064813
AMGN,0.9583309764405331,0.9556565540387612,0.8816100560721805,0.7720845197338919,0.9415945011480196,0.8738862949786939,0.8588968871655754,0.35028861680291934,0.813248567424312,0.464592629671202,0.9490600010189961,0.7234555369104382,0.9111556741681754,0.8933695930135105,0.967820165288773,0.8004850600983163,0.9216237176329479,0.7333780198702633,0.8975648738426034,0.7413532459920138,0.7668919019706166,0.8996775562780008,0.8233619468997834,0.8395612394151573,0.9594625838028651,0.9659289259616599,0.940656322721761,0.9367384171701922,0.9438997889138309,0.8344278360835834,0.9473406817629477,0.9287801404448558,0.967113115728766,0.8601504485470187,0.9149604281235392,0.9531209612878078,0.9480528908424686,0.9413308629365308,0.9329641056424454,0.934640632637669,1.0,0.9553679658360202,-0.16992540807672712,0.9256712173326607,0.8766365110176966,0.9220202496028567,0.9658326168440832,0.9447343982566982,-0.8728804904600631,0.9564132994391764,0.9179085407693998,0.8237457090269981,0.9410675839656021,0.8945869871620393,-0.06964804459262225,0.8223666116685747,0.9360346227794253,0.9507355044432306,0.8903861621880659,0.8402579868417879,0.9601207187752201,0.9078592237921561,0.9276659477323415,0.9012734013654596,0.038917588749935554,0.9724025349698934,0.7964900491194377,0.9343628368977959,0.8987070214482923,0.9209452685101637
APH,0.9867458243770625,0.9602709589271348,0.9519545706426823,0.8681384360222422,0.9824410568408884,0.9552014974404652,0.9458697528187066,0.5313918507740495,0.6759706549528032,0.4829514584145069,0.9871761266896052,0.6281840479941494,0.9716849678332546,0.9722040360689396,0.9812693509685922,0.7612158987175484,0.8637164192157746,0.858104077640759,0.9624429215233408,0.5758395979568086,0.8845006410470707,0.9406642340940252,0.6632127278099335,0.7208758185810019,0.971925837991208,0.9911693769476353,0.9810404376363858,0.9812097591049214,0.9238553966940242,0.9245410598979052,0.9777952678748617,0.8836198761521893,0.9658257100264891,0.8656714670449945,0.8666127756340706,0.9834041122548253,0.9679200927376564,0.9478912694582532,0.8395591202339805,0.9488953010580059,0.9553679658360202,1.0,-0.2134512715767887,0.9873742132423011,0.9476969428542369,0.9723183902759002,0.9904862989098058,0.9825070939092472,-0.813033696099037,0.9379491641259735,0.9593703292945582,0.9384858175578311,0.9485327640298788,0.8521252831652094,-0.04418319911628307,0.9497669511204204,0.978278127674037,0.9590132120225247,0.8564744102106869,0.9465102044102621,0.9857102128963664,0.8205871202759828,0.8910780540608974,0.9731685347317213,0.047367256930434774,0.9420443886719346,0.8969111879164345,0.9712980430450986,0.9714223383388869,0.9690450977491668
APC,-0.251555069497303,-0.08894291141208686,-0.4570168459735864,-0.2812676249812241,-0.2619536983999713,-0.37296346580881085,-0.260478550374965,-0.3114830507119434,0.020608800488209008,0.5168334831075561,-0.26525990514444997,0.3607627346438863,-0.20804605538674512,-0.20375138507738227,-0.174180034505246,0.08323740167753309,-0.2521237327781818,-0.27970703723045437,-0.3478224813691768,0.23827336295042226,-0.23813094175980126,-0.619034316255332,-0.003947327833913638,0.20607899148414524,-0.2770039121083634,-0.19957141416800248,-0.27397287867936004,-0.27189683630659306,-0.3257621123064509,-0.3057858207912902,-0.2867919572265518,-0.09699949660612038,-0.2711163921150072,0.18849252929898744,-0.10149696325089294,-0.23024259684900109,-0.31017417700797434,-0.015977762419808462,-0.05476176812695093,-0.018563856944141675,-0.16992540807672712,-0.2134512715767887,1.0,-0.2122355049395026,-0.1726504546185805,-0.23452063061558096,-0.2151009745573646,-0.31217429361769333,0.44694053892057206,-0.26373694758083777,-0.19643502131615165,-0.28654861057353115,-0.30254019701835183,0.1326150953954746,0.2920584933264989,-0.2272055501523067,-0.10717472465353906,-0.27008290132436785,-0.18380608864074968,-0.25134468106828056,-0.2015134029269082,-0.1388193494474722,-0.2701818521616655,-0.34930295543848205,0.5327458864050449,-0.17329987691070717,-0.22799058420481882,-0.2210516780529606,-0.2163172189820424,-0.13300284881654256
ADI,0.9656492441660138,0.945716915972478,0.9270870709529846,0.890440064568636,0.9786674447844566,0.9610822224038792,0.9538758517395124,0.5757527500127013,0.632574921432975,0.4715984357396197,0.9796365429195181,0.5840813413164603,0.9623473187842552,0.9701976573525202,0.9602970208616141,0.7361940757152484,0.839513916819553,0.8734876636208891,0.9634189660851994,0.5208556839059301,0.9024957123726196,0.928307653512941,0.6067005499824546,0.6793087302427234,0.9538264885725664,0.9729809566982022,0.9720789814938643,0.9731114410827663,0.9031981816617255,0.939249196934831,0.966195034763182,0.8418035467140685,0.941698015092195,0.8470482790750249,0.832087927082111,0.9692646818408709,0.9528858429084787,0.9235721954851043,0.8043153610246488,0.9374134046969421,0.9256712173326607,0.9873742132423011,-0.2122355049395026,1.0,0.9591312537634992,0.9688711632646448,0.9749599857380536,0.9763552473201896,-0.7922586441363899,0.9160817285713129,0.960467943233015,0.9462346515857665,0.9278146827981746,0.8165244335950651,-0.08026514874969265,0.9272781000458772,0.9738422507320763,0.9441169239356658,0.8366256824193012,0.9584114179735946,0.9781818747294381,0.7856573703758509,0.8725095309893879,0.9678760741514008,0.055734805284074825,0.9107575398768334,0.8998645618978705,0.9562439200011056,0.9735072051029539,0.9671433640476006
ANSS,0.9087476583713255,0.9517438120749983,0.9262026848732141,0.9328376420272223,0.9588653403637265,0.9474363019990112,0.9698942111939204,0.5907685806139508,0.5389807913381996,0.494938257877303,0.9510785355750018,0.5485519711878072,0.940862055567494,0.9469717224786178,0.9024827555871745,0.677296857801225,0.7158599900044581,0.8212137800364109,0.9014262060497014,0.4717107965835264,0.9555920254740231,0.8610384570013694,0.5031679066513302,0.6247017907814444,0.8935610415332935,0.9334585566431157,0.9457636302306861,0.9504376004916104,0.8094865686046516,0.961629657730637,0.9192373285531641,0.7440394687688088,0.8829321429036036,0.8567697152742446,0.727748516334212,0.9412842490836482,0.8998993996261319,0.8793607122435627,0.7297963378496247,0.9413068122056127,0.8766365110176966,0.9476969428542369,-0.1726504546185805,0.9591312537634992,1.0,0.9519915248176282,0.9258788670925057,0.9220832432507698,-0.7640183985958691,0.8280764896594656,0.9523355132804411,0.9079206256255163,0.8794332061527589,0.7425620365412084,-0.17369783012746798,0.9776093314653123,0.9658570935518872,0.8762784236281107,0.7518898553180953,0.9526032579812708,0.9517139337512924,0.7059185600444969,0.7950048478957641,0.9379344361637966,-0.07179616530192025,0.8349548091898988,0.8793609310775734,0.8937442547871531,0.971590673995351,0.9357942751168318
ANTM,0.953052459815671,0.9542177767041883,0.9500054019260307,0.9090441276528236,0.9640520770590731,0.9563275894195615,0.9641312586591185,0.5861093862617114,0.6413341980544246,0.4694998351658124,0.9881181244535734,0.5611858454607473,0.9421884465003036,0.9531165807141104,0.9594084589335208,0.7491703535507115,0.8180743831914393,0.800851713116466,0.947904707845076,0.5211868312510667,0.9158774183923011,0.8949430720283557,0.6248364135145703,0.6683495776305887,0.9272088627195586,0.9604204191538236,0.9577110459457443,0.958716353825323,0.8754031942436318,0.9408564769623764,0.9445166507262838,0.8373085993230958,0.9224098671264753,0.8325960245364269,0.7950576085870965,0.9477608701603943,0.9267600504106293,0.9192472178398491,0.8249213992396225,0.9238896309904525,0.9220202496028567,0.9723183902759002,-0.23452063061558096,0.9688711632646448,0.9519915248176282,1.0,0.9596093209964536,0.9466904042602154,-0.795175377617957,0.8888650783311239,0.9665462296374164,0.9154322929773543,0.9466481324403111,0.8233351918176056,-0.015257186358953727,0.9527011587991724,0.9473244019371679,0.921554679470529,0.7635643671074751,0.9503605598557383,0.9739516257404407,0.7757363604001585,0.8569849563217408,0.9596409389710934,0.041460491105667456,0.8958734322128348,0.9021532396231837,0.9520436750308736,0.9541090956170499,0.9417541129636905
AON,0.9877546334139718,0.9523426537150755,0.9260238400384397,0.8371006793589675,0.9748159511553792,0.9426582034186245,0.9225541812109915,0.4919291192636732,0.7078602604323875,0.4855092845362521,0.9819986958244824,0.6548142600926725,0.964125566200712,0.9653800406981324,0.9833375251436949,0.7478604823466126,0.8908406449647146,0.8502229352527146,0.9515835575249197,0.6168091352626418,0.8482761703040765,0.962259945116049,0.7122965078605338,0.7525187451026643,0.9809805506416429,0.9876360810671787,0.9758682946835077,0.9747236748440551,0.9393824193358524,0.9008560901100664,0.9797707491057482,0.8989066353129893,0.9765351447394885,0.8632815713735054,0.8874818980843018,0.980860535790814,0.9735558183344403,0.9478053113727382,0.863997656960036,0.9459164481410053,0.9658326168440832,0.9904862989098058,-0.2151009745573646,0.9749599857380536,0.9258788670925057,0.9596093209964536,1.0,0.9819681444538276,-0.8208447787484633,0.95065065614929,0.9437239789454952,0.9183369330961365,0.946422715769231,0.8675166418021695,-0.03930848740139031,0.9048599445176887,0.9707704016162229,0.9715894980801162,0.8767322939302525,0.9265457092464893,0.980859303647669,0.8409100313949945,0.9092993386647545,0.9611986917877796,0.08097896484725492,0.9613632122131697,0.8669029722196406,0.9670902362692032,0.9588786794698467,0.9551522393465783
AOS,0.9826573837950867,0.9228973967504854,0.9047260163779398,0.8488368501264785,0.9795889998979859,0.9587675572992642,0.9231725653137628,0.5008814192154142,0.6703209779824671,0.3863971720978336,0.9771319987884663,0.5775504335358437,0.9596056805568451,0.9541606435243043,0.9676591698827105,0.7165270802454915,0.8867705112378093,0.8628856080423303,0.9668729288459751,0.5377783952657528,0.8479293383775479,0.9567121452344439,0.6596225872157211,0.6876221034491369,0.9777862193567308,0.9737282968594033,0.9792725053442498,0.9781421814184953,0.9510594368731735,0.9155831373500829,0.9753163426255012,0.8673402167876855,0.9676788447433262,0.7992518289996883,0.869662299546172,0.9728152489556957,0.9788899690312756,0.9089491169817373,0.8309139261720929,0.912623652722739,0.9447343982566982,0.9825070939092472,-0.31217429361769333,0.9763552473201896,0.9220832432507698,0.9466904042602154,0.9819681444538276,1.0,-0.8444519343572306,0.9471249928339216,0.9278868915044416,0.9332767668573431,0.9135965312688679,0.8038608968127502,-0.11930516133881376,0.8519386495640865,0.9531266083353469,0.9687716282763429,0.8844012532814454,0.9196882794201088,0.967221891669342,0.8333761442106459,0.901314204996531,0.9759733656940016,-0.0026118270127503287,0.9379011119954125,0.8713889816011414,0.9613791817095004,0.9546888901444934,0.949755986305676
APA,-0.8219922889734135,-0.8257436435540129,-0.6798413265243791,-0.6832000483944947,-0.8362963515816487,-0.7810569518083434,-0.7388203129323916,-0.20896258246387242,-0.6951771385063084,-0.0895418147560992,-0.8369746198418508,-0.5268745249265763,-0.743310976339154,-0.7164656659305274,-0.8062943404294747,-0.6318379685167853,-0.8398700734783032,-0.5874341178734407,-0.780627484520391,-0.6182320064734413,-0.6492663493876624,-0.7237241676503142,-0.7224476722043228,-0.6809932975221111,-0.8472384374733332,-0.8314634514594721,-0.8218634446837964,-0.8168380477876965,-0.864115646395532,-0.7346017577444263,-0.8357196818857197,-0.791025142952902,-0.8645271396217745,-0.6503464858922022,-0.7563105150063903,-0.8355959927076736,-0.8472961159677482,-0.7494382298964878,-0.8138027665192381,-0.7824726824796898,-0.8728804904600631,-0.813033696099037,0.44694053892057206,-0.7922586441363899,-0.7640183985958691,-0.795175377617957,-0.8208447787484633,-0.8444519343572306,1.0,-0.8434344791926942,-0.8005549029491569,-0.6910095400166345,-0.7612410706849557,-0.6438768071808444,0.37738987095471543,-0.45485010076162247,-0.7836650650114431,-0.8206628442265959,-0.7895779756590291,-0.6886017826560793,-0.822730614206133,-0.8215790747305806,-0.8492684712736546,-0.7912532746766874,0.3077507370396242,-0.8317377773185278,-0.6466468397146143,-0.7769787334102107,-0.7620227970760367,-0.7724717460029553
AIV,0.946757237123515,0.8858970850902878,0.7477733373319796,0.7415678775329202,0.9325504758227724,0.8727075610077493,0.8240937933554933,0.3841235584721541,0.7969108131794617,0.3799253976742326,0.9308712601857102,0.6205585164622238,0.8803199485473817,0.8801676243711399,0.9526548106839478,0.7311672239228434,0.9428353698372852,0.7898297090085007,0.9333738292255699,0.6608871456434963,0.7234980374058364,0.8767678844763291,0.7825618780231786,0.7548834394912355,0.9768744126191387,0.938705504765093,0.9221973390854162,0.9165721330887985,0.978449770507458,0.8160764514764518,0.9593852357377927,0.8950579353544443,0.976544757799634,0.7649358798993168,0.9085641739211514,0.944091713095585,0.9692887914087834,0.8810701841085461,0.8831228091094376,0.8724240325707667,0.9564132994391764,0.9379491641259735,-0.26373694758083777,0.9160817285713129,0.8280764896594656,0.8888650783311239,0.95065065614929,0.9471249928339216,-0.8434344791926942,1.0,0.8897702226812974,0.8247188157001423,0.8499172328744695,0.8433862949862317,-0.07361440310931111,0.5824214103416752,0.8998212011497793,0.9549921513493242,0.9314966101177489,0.8278331873288903,0.9372237795477435,0.9108671044019787,0.9745107532269638,0.8955862596684936,0.07865241015291287,0.9741797419995163,0.742805910208328,0.9098992300782269,0.8775096090783087,0.8790301942673093
AAPL,0.9282474122948102,0.9607975797678411,0.9268736286260706,0.8918033620770581,0.9531074873839374,0.93144524554701,0.9407952899091099,0.5622102887592011,0.649771190132046,0.47117941977601185,0.961710542625806,0.5726505507980074,0.9102281289848022,0.9332081561416461,0.9380619164078875,0.7265567761347927,0.8022524959886447,0.8028282185980201,0.9349397868417558,0.5748826283416565,0.9026022899898898,0.8813150625234474,0.6196567367833153,0.6890366490871264,0.9224497941438905,0.9480273763169327,0.9381879588232315,0.9391305423398898,0.8706931939527698,0.9253072493513486,0.9419179549987445,0.8202115387790001,0.918154584476788,0.8475892195576293,0.7763731137487415,0.9574320570506113,0.9211725502058628,0.9017777276471527,0.804567215584025,0.9312763900757987,0.9179085407693998,0.9593703292945582,-0.19643502131615165,0.960467943233015,0.9523355132804411,0.9665462296374164,0.9437239789454952,0.9278868915044416,-0.8005549029491569,0.8897702226812974,1.0,0.8881689826216282,0.8894566683881415,0.8065125414940053,-0.08401220822844775,0.9356378980563721,0.9542891110703797,0.8978303927224366,0.792379021268014,0.9395844221147249,0.9657113468648745,0.7797705408164705,0.8819249826258317,0.9173325367556999,0.003947870718691169,0.9037483464658622,0.8413239209045774,0.9078156199983338,0.9438969478950895,0.9353778334156255
AMAT,0.9315485450503755,0.8552509599742183,0.9104458923574881,0.848205796804101,0.909826954842394,0.9468403783819053,0.9254822347785011,0.634725362099261,0.429963494305662,0.402431967318542,0.917433214062073,0.4690534035986605,0.9297390718187658,0.9621835589405819,0.8946810246328994,0.604476772121218,0.7258629640390543,0.9190850044411867,0.9388012387123981,0.34378207670267447,0.8898248677955283,0.8765525470672598,0.43944970677635087,0.5245443553497864,0.8919751589428869,0.9236559078036647,0.9195032853750833,0.9239163821315297,0.8245719497254033,0.9003625073974811,0.9100313639956641,0.7673138726169124,0.8743985054331732,0.7703353237655415,0.7314994182563551,0.9190802727103907,0.8932669312870554,0.8661646615637065,0.6640219868821092,0.8500468560999687,0.8237457090269981,0.9384858175578311,-0.28654861057353115,0.9462346515857665,0.9079206256255163,0.9154322929773543,0.9183369330961365,0.9332767668573431,-0.6910095400166345,0.8247188157001423,0.8881689826216282,1.0,0.862596327960397,0.7076837955733313,0.031032237648700754,0.9018418549774693,0.9138378349814721,0.8742109202746925,0.739716280566751,0.9559526826812035,0.897841707372553,0.6185991403661139,0.7594281102267664,0.9516974652046086,0.020273009584334548,0.8140124069332187,0.9217666540046004,0.919477407831319,0.9455137408548488,0.922150342109135
APTV,0.9360204547699132,0.9506325911866924,0.9348350729914443,0.8095053845161969,0.9143275671827696,0.8867461082651268,0.8938777293409461,0.5691403970916958,0.549923225615614,0.37548683843841524,0.9451517312725559,0.5444897580871871,0.9277229790585866,0.9126607110070031,0.949807769318429,0.7993176640500745,0.785065778695987,0.6875035990132181,0.8717539788388593,0.42569332053003733,0.8179777686882352,0.83161654348936,0.594775519378326,0.6926607918702072,0.8825063862740318,0.9509736125989084,0.9239564462052884,0.923084428678601,0.8117773816415257,0.8436591278235464,0.885195342395995,0.8683377405969087,0.8894186697591536,0.8456746306434809,0.8461830070809239,0.9123614160134312,0.8644063645898323,0.9517464472707614,0.8447266906668163,0.9660737827869135,0.9410675839656021,0.9485327640298788,-0.30254019701835183,0.9278146827981746,0.8794332061527589,0.9466481324403111,0.946422715769231,0.9135965312688679,-0.7612410706849557,0.8499172328744695,0.8894566683881415,0.862596327960397,1.0,0.8266275165432285,0.30023571156288437,0.9174039220620193,0.9180348452833911,0.8960913855370656,0.6793960331698508,0.8794191885215642,0.9354666298648535,0.7296621824297844,0.8025301675872044,0.9185363409232461,0.2345463449014984,0.8918102391942603,0.9256756077295534,0.9647535032504334,0.8905482798314301,0.9269567513078678
ADM,0.848972673083104,0.857632892378166,0.613501308369247,0.6412890098055647,0.7964705074431601,0.7148295091544313,0.7393399037538676,0.2961893253782536,0.8362019664409963,0.6859255687400924,0.8286131130929615,0.7874587109212646,0.8159678855592406,0.7946916734456708,0.8963951054421542,0.865815948695397,0.829108348625399,0.6037999549065479,0.7717883872666809,0.7610749287191612,0.6430203032904244,0.2993341498713151,0.8164556708391308,0.8597690320843038,0.8317229486920964,0.8596746057023935,0.8045828629286943,0.7998475728430389,0.80454457504856,0.6890066862912378,0.8158077125692164,0.893591704260639,0.8354950044608197,0.8666291730651668,0.8769713343746779,0.8234194689657194,0.8000851084804986,0.9100737263130316,0.891549993401469,0.857185069158656,0.8945869871620393,0.8521252831652094,0.1326150953954746,0.8165244335950651,0.7425620365412084,0.8233351918176056,0.8675166418021695,0.8038608968127502,-0.6438768071808444,0.8433862949862317,0.8065125414940053,0.7076837955733313,0.8266275165432285,1.0,0.19682589506939696,0.3690655861048055,0.8428743430698594,0.8468621342828161,0.7596250748544978,0.7380386012602689,0.8544657523798735,0.8218573483918474,0.7942381559933243,0.7565424100563541,0.3443338755482898,0.8889271774156261,0.7244579438895786,0.8606188670593304,0.7656505576324655,0.8330326759903468
ARNC,0.001440938062320642,-0.0989754275806309,0.06256850365418726,-0.1859215971780206,-0.15991472122704375,-0.11647885965379945,-0.09627717450636106,0.05795732488494965,-0.01861137719419597,0.2603315412620699,-0.08674329911541268,0.12024800629515651,-0.044229652686287514,0.027183654713133276,0.019844369737684418,0.08282438164518044,-0.04038914797596923,-0.026027682092018778,-0.024778096826024897,0.010678100145691096,-0.12636561180997716,-0.3395035706926152,0.05781330935176494,0.02760811166628047,-0.10744117351291106,-0.03485546722639624,-0.11485447867018055,-0.11492275559987551,-0.1028401567500798,-0.17875910636703357,-0.11125847876714433,0.11897016147155447,-0.09152202336405862,0.02597794273543501,0.026773696458454083,-0.10103009594175176,-0.13783646597041155,0.10522174737413544,0.026936601005367506,-0.07595392412915832,-0.06964804459262225,-0.04418319911628307,0.2920584933264989,-0.08026514874969265,-0.17369783012746798,-0.015257186358953727,-0.03930848740139031,-0.11930516133881376,0.37738987095471543,-0.07361440310931111,-0.08401220822844775,0.031032237648700754,0.30023571156288437,0.19682589506939696,1.0,-0.21295259947202302,-0.11391134689247485,-0.08145152909528271,-0.1833540290025153,-0.005931138215017879,-0.09383005609505222,-0.1505618204471281,-0.11665464446149394,-0.06599113469987335,0.6602586828032387,-0.025784208157000398,0.0822416053812924,0.05772448013971285,-0.102502872700971,-0.05880224009221651
ANET,0.8798233284155413,0.9311377386996718,0.9573923388517673,0.9045049213964483,0.9147481135969228,0.9224295014549733,0.9637019737649865,0.8045502532800737,-0.5321481447987688,0.36871569756953415,0.934831884034985,-0.11136140323265041,0.9361354071800135,0.9444283266012043,0.9163807355340484,0.2939004635158847,0.08080330166935254,0.7400617872852971,0.8584144770564965,-0.6204479708225428,0.9630262307583497,0.8467894132763425,-0.7588335221395475,-0.26652111583434224,0.7752403670400382,0.9337899669180906,0.9089615475314201,0.9178333783035162,0.4893059806513077,0.9276681099616284,0.8347141948191201,0.3699470672057264,0.76972125034801,0.8074642413099807,0.2530344043939922,0.9206574197580784,0.773742138665686,0.845447471263641,0.06570648671795616,0.961837637563556,0.8223666116685747,0.9497669511204204,-0.2272055501523067,0.9272781000458772,0.9776093314653123,0.9527011587991724,0.9048599445176887,0.8519386495640865,-0.45485010076162247,0.5824214103416752,0.9356378980563721,0.9018418549774693,0.9174039220620193,0.3690655861048055,-0.21295259947202302,1.0,0.9620266806371734,0.7402913387800801,0.32516797353032456,0.952805635703446,0.913734494367081,-0.05254273403070993,0.4537370528527362,0.9146937549279439,-0.3759862637110776,0.6845037679114157,0.9588110484884864,0.9170199468216729,0.9525434894206727,0.9366178442914815
AJG,0.9551754966659862,0.9695710135284098,0.9415266705026891,0.8644839018974456,0.9690352677052343,0.9286568739011414,0.9367215264407014,0.5210548849779362,0.6485041236219301,0.5564301538142713,0.9617125642630854,0.6640386562935843,0.9596210690184694,0.9625444425095321,0.9500653622860389,0.7375165219355577,0.8083021458457382,0.8512388285520559,0.9195032448964866,0.5920307374633693,0.8913739286395925,0.8856508499399258,0.622079108984634,0.7371796009289229,0.9481568996581033,0.9738906997108876,0.9599536949934564,0.9621911623424115,0.8817892360687027,0.9204215928284112,0.9583618129094729,0.8392113175534975,0.939308635312965,0.9138166004259196,0.8301514270518479,0.9742227000355491,0.9430304450335986,0.9388830591901205,0.8069256564451812,0.9697081263593023,0.9360346227794253,0.978278127674037,-0.10717472465353906,0.9738422507320763,0.9658570935518872,0.9473244019371679,0.9707704016162229,0.9531266083353469,-0.7836650650114431,0.8998212011497793,0.9542891110703797,0.9138378349814721,0.9180348452833911,0.8428743430698594,-0.11391134689247485,0.9620266806371734,1.0,0.930369770433518,0.8534516366355068,0.9346429583994043,0.9734068200146111,0.7913899422509564,0.8583308568320118,0.9391574775069905,0.022389873071036726,0.913187624475356,0.8681499103551749,0.926820656057827,0.970195646846359,0.9672255682236803
AIZ,0.9634362018540502,0.9000342948455811,0.807937084703415,0.8004347655250968,0.9517167592757916,0.9251034172956389,0.885980396505985,0.483568195832445,0.7523774354363743,0.43642773408639457,0.956246606073131,0.5994863248067914,0.9373202047834304,0.9207849805166651,0.9584503219504641,0.7332839794518061,0.9249888847261817,0.8197276062087877,0.9310072509581249,0.6023828704525859,0.798773943041821,0.9127352932050796,0.7321694202625674,0.7401010129260123,0.9739965441204073,0.95589585476105,0.9711942166263013,0.9674212039933207,0.9571890342426684,0.8764347365140992,0.9721051745120931,0.8832953147892494,0.9684382306010386,0.8102798675422296,0.9059401805866625,0.9511757891498532,0.9686422002938189,0.907284949685452,0.8501626550950424,0.8992592749138296,0.9507355044432306,0.9590132120225247,-0.27008290132436785,0.9441169239356658,0.8762784236281107,0.921554679470529,0.9715894980801162,0.9687716282763429,-0.8206628442265959,0.9549921513493242,0.8978303927224366,0.8742109202746925,0.8960913855370656,0.8468621342828161,-0.08145152909528271,0.7402913387800801,0.930369770433518,1.0,0.886320813110226,0.882907071378096,0.9586725400025116,0.8654035215365662,0.9153761476945623,0.9381726733189324,0.06662745106632541,0.9468841693870034,0.8362368054278968,0.9455948901133525,0.9191314198462258,0.9214693956458739
T,0.8778438336069457,0.8118429766383076,0.5708942890044386,0.6104995742684638,0.8640582803037672,0.7691669399917598,0.7056180047825817,0.2485971479758044,0.7541249442880731,0.3631300707821866,0.8302712126451882,0.6493199553994067,0.8058340509416831,0.8033719992016434,0.8618709167181865,0.61982559513506,0.8877900589974412,0.7692784297812512,0.8237443208735085,0.6706258712566792,0.6051595117595329,0.7075953388649137,0.7358228620345335,0.7525045484613241,0.9228011951972569,0.8687880480980396,0.849080353661271,0.8439029052420152,0.9439932854271462,0.7154309223869962,0.8932983952012991,0.8253317846933681,0.9222343328905778,0.7324769160836095,0.8662429745976724,0.8844609370563905,0.9197517015352566,0.8084959615095748,0.8091559325173777,0.8272501523919389,0.8903861621880659,0.8564744102106869,-0.18380608864074968,0.8366256824193012,0.7518898553180953,0.7635643671074751,0.8767322939302525,0.8844012532814454,-0.7895779756590291,0.9314966101177489,0.792379021268014,0.739716280566751,0.6793960331698508,0.7596250748544978,-0.1833540290025153,0.32516797353032456,0.8534516366355068,0.886320813110226,1.0,0.7072738785539697,0.851085940599231,0.8891218857096319,0.9142616396291444,0.8061041301807922,0.030231899296416596,0.9170223239827059,0.6210119689960786,0.8022763331012202,0.8091189663914881,0.8216222147730277
ADSK,0.9119380398979684,0.8983432090174176,0.9201095007918924,0.9289680578187102,0.9341104834787712,0.9675500206160698,0.9757976268612886,0.7180587426389655,0.4853694746749442,0.4841202926897819,0.9402301769381315,0.44393637899943955,0.9415925558979079,0.9654205706558627,0.902872522871858,0.6452154621837849,0.7183199425456535,0.8723166437638318,0.9411301390853974,0.37225654552997756,0.9541500943435217,0.8899806817145054,0.4518614759227514,0.5347101847457701,0.8900269098465956,0.922550756753756,0.9371827546462904,0.9418173223059939,0.8046837757891153,0.9586691178126477,0.922083327080755,0.7440230598418667,0.8722054489931047,0.7980119796772526,0.7130341962952221,0.9276619189744755,0.8918609828749414,0.8599031733129427,0.6758167691203875,0.8804917710139284,0.8402579868417879,0.9465102044102621,-0.25134468106828056,0.9584114179735946,0.9526032579812708,0.9503605598557383,0.9265457092464893,0.9196882794201088,-0.6886017826560793,0.8278331873288903,0.9395844221147249,0.9559526826812035,0.8794191885215642,0.7380386012602689,-0.005931138215017879,0.952805635703446,0.9346429583994043,0.882907071378096,0.7072738785539697,1.0,0.9368600404373525,0.6389205973696671,0.7777907233799284,0.9472444143930059,0.027147766596666106,0.826768614168118,0.9210561254773777,0.9156938327143672,0.9648769107633385,0.9237208763215099
ADP,0.965821440172584,0.9656733982291124,0.9212014615937085,0.8938037580280559,0.9844504606472819,0.9487530506981982,0.9514965955108463,0.5421710215184377,0.7151730933709121,0.4979059162268307,0.9856205655971763,0.6046953193794701,0.9568548686703378,0.9501688836176294,0.9752249968209816,0.7624674723579778,0.8632158706302602,0.8138826289476916,0.9488918878090371,0.5938871262443343,0.8937005160037659,0.907396896230561,0.6762677302805153,0.7268296974540199,0.9687752491854603,0.9774452479561669,0.9774344320719155,0.9774544739192882,0.9198627400449301,0.9375802965508433,0.9785479240667759,0.861577487454066,0.9621975178936526,0.8618243429708231,0.8447157412951087,0.9733496245371374,0.9668228249457741,0.9267854837188731,0.8462463504757888,0.9445964581500305,0.9601207187752201,0.9857102128963664,-0.2015134029269082,0.9781818747294381,0.9517139337512924,0.9739516257404407,0.980859303647669,0.967221891669342,-0.822730614206133,0.9372237795477435,0.9657113468648745,0.897841707372553,0.9354666298648535,0.8544657523798735,-0.09383005609505222,0.913734494367081,0.9734068200146111,0.9586725400025116,0.851085940599231,0.9368600404373525,1.0,0.8439624248207834,0.9022546631289625,0.9537171932676097,0.03288531933782436,0.9373148981219743,0.8689190945212406,0.950160897410854,0.9643175009403301,0.9545589081581292
AZO,0.83772252185828,0.8165857879436677,0.4973107617380407,0.6107885670309167,0.8378169537048796,0.7108231353190045,0.6816085907245649,0.13670895858453336,0.931880876318866,0.3517679574314416,0.8264150718798536,0.6804616167635072,0.7520065987264528,0.7249356865128769,0.875642081130029,0.765651967011988,0.919200262515498,0.5632252650422821,0.7691248089999934,0.7928582885986678,0.5624325034203558,0.4036049407547554,0.87821921782097,0.8375291672680988,0.873452136184142,0.8222479694618281,0.8222155368022107,0.8135747255927149,0.9125315364257067,0.6820585802131305,0.8429094737601261,0.870869257404586,0.881750107107567,0.7142619198845339,0.8769108317085654,0.8193165550312235,0.8676148897707776,0.805355184756431,0.9177698372077946,0.8134585942602538,0.9078592237921561,0.8205871202759828,-0.1388193494474722,0.7856573703758509,0.7059185600444969,0.7757363604001585,0.8409100313949945,0.8333761442106459,-0.8215790747305806,0.9108671044019787,0.7797705408164705,0.6185991403661139,0.7296621824297844,0.8218573483918474,-0.1505618204471281,-0.05254273403070993,0.7913899422509564,0.8654035215365662,0.8891218857096319,0.6389205973696671,0.8439624248207834,1.0,0.9157854572860407,0.7552734788186855,0.09290858279624378,0.9196948966861984,0.5692964940056477,0.7863276372690118,0.7222769645033359,0.7716829466363158
AVB,0.9033748194036592,0.8608372705763014,0.6847373625335378,0.6953255052766976,0.8973151308185061,0.8269297282981114,0.7717927927055986,0.31372430762775666,0.8075240677275566,0.31580557864699094,0.8964229757255728,0.614701985699945,0.810175583174825,0.8323909592565634,0.9147717044264716,0.6773719389019701,0.9325653095561653,0.7418401009189018,0.8901302525974677,0.7032203614873834,0.6735774737827636,0.8201789365964552,0.8016507330471162,0.7652271925704283,0.9448032536252648,0.8947549456512791,0.8796478081886817,0.8729978166389281,0.9636508556152255,0.7689222915420062,0.9283177710748453,0.869929859036475,0.950820901815467,0.7330774946740157,0.8642888947940343,0.9159174947155826,0.9389484393338559,0.8411404071586985,0.8807007406190971,0.8525884221817851,0.9276659477323415,0.8910780540608974,-0.2701818521616655,0.8725095309893879,0.7950048478957641,0.8569849563217408,0.9092993386647545,0.901314204996531,-0.8492684712736546,0.9745107532269638,0.8819249826258317,0.7594281102267664,0.8025301675872044,0.7942381559933243,-0.11665464446149394,0.4537370528527362,0.8583308568320118,0.9153761476945623,0.9142616396291444,0.7777907233799284,0.9022546631289625,0.9157854572860407,1.0,0.8358848380700065,0.05519210518239591,0.9585473046475612,0.646890410146902,0.8453350145754759,0.8289127155979389,0.8235147089115114
AVY,0.9666442516040641,0.9100930740715554,0.9450587876056483,0.893302538557289,0.9723371842976828,0.9783168260370344,0.9567417182758827,0.5954262083325772,0.574301909111146,0.3962274583224254,0.9739959145297534,0.5037921529441187,0.972352741856644,0.9663146703533715,0.9441438992381693,0.6867563751738639,0.8091924303890937,0.8720772505553841,0.962309769903851,0.42812970790330673,0.9051679357511199,0.9511656151573735,0.5580674485115017,0.5928247050814117,0.9436369351605258,0.9572451668496287,0.973848668588562,0.9753468809812426,0.8928563838428292,0.9463415844541198,0.9542659044278147,0.8080460949328323,0.9320947768258192,0.7762205973525309,0.8070181020804608,0.9514715439684708,0.9510457560889247,0.8873019721120278,0.7602893514041708,0.8934176169617408,0.9012734013654596,0.9731685347317213,-0.34930295543848205,0.9678760741514008,0.9379344361637966,0.9596409389710934,0.9611986917877796,0.9759733656940016,-0.7912532746766874,0.8955862596684936,0.9173325367556999,0.9516974652046086,0.9185363409232461,0.7565424100563541,-0.06599113469987335,0.9146937549279439,0.9391574775069905,0.9381726733189324,0.8061041301807922,0.9472444143930059,0.9537171932676097,0.7552734788186855,0.8358848380700065,1.0,-0.03303355875729269,0.8805424342512167,0.9173977440180761,0.9572861672509969,0.9651543668070227,0.9372114548730304
BHGE,0.05767242357302696,0.00379596439695518,-0.2005625063138387,-0.11801990005936121,-0.029485307854392705,-0.072862543673859,-0.05174471023598258,-0.019592996224442532,0.22592995250023887,0.41202824158732626,0.012441924554657868,0.30525710144655066,0.028783569242070366,0.0863223129250964,0.12759427486827257,0.2233010100492286,0.15272134293238426,0.03769589576290436,0.03642739471044998,0.2323381927116183,-0.10487834548100047,-0.4931862805508669,0.2512499699776936,0.2619557691959118,0.015072001277747299,0.035734473579909144,-0.008179684470696068,-0.013075859118332006,0.027656794580596274,-0.0953047856561874,-0.004141320275516377,0.2126161539836283,0.010053999642218307,0.18214691379452208,0.2062133017074102,-0.0189864468614031,-0.02286162248204393,0.19041157397490793,0.19951863765516564,0.08033210479107498,0.038917588749935554,0.047367256930434774,0.5327458864050449,0.055734805284074825,-0.07179616530192025,0.041460491105667456,0.08097896484725492,-0.0026118270127503287,0.3077507370396242,0.07865241015291287,0.003947870718691169,0.020273009584334548,0.2345463449014984,0.3443338755482898,0.6602586828032387,-0.3759862637110776,0.022389873071036726,0.06662745106632541,0.030231899296416596,0.027147766596666106,0.03288531933782436,0.09290858279624378,0.05519210518239591,-0.03303355875729269,1.0,0.12799973557145497,0.04013374570696041,0.11779880369247757,-0.024354262184196483,0.05539786887443679
BLL,0.9522504944821375,0.9166482596305559,0.7889669011604702,0.7235693362818431,0.9257420368411893,0.8537733371832947,0.820272980572702,0.33086843903385943,0.8255377998175436,0.44602414145401864,0.9317372634565388,0.7074308510787299,0.8838663390438224,0.8880039636395425,0.9660263103496884,0.7643755411822879,0.9412391394664187,0.7608500488344273,0.9036378458953919,0.7431794022412053,0.7158022979444421,0.8981592277292735,0.8309504177542296,0.8282855605303705,0.9643904195077074,0.9463830819699531,0.9215558582002571,0.9161763564224759,0.9620693289350473,0.8002988044194063,0.9448622906681245,0.935431266802366,0.9695212847994692,0.824439286198942,0.9237482556074061,0.9464102088279557,0.951898431739209,0.9197391899686376,0.923282203931727,0.9119106090226855,0.9724025349698934,0.9420443886719346,-0.17329987691070717,0.9107575398768334,0.8349548091898988,0.8958734322128348,0.9613632122131697,0.9379011119954125,-0.8317377773185278,0.9741797419995163,0.9037483464658622,0.8140124069332187,0.8918102391942603,0.8889271774156261,-0.025784208157000398,0.6845037679114157,0.913187624475356,0.9468841693870034,0.9170223239827059,0.826768614168118,0.9373148981219743,0.9196948966861984,0.9585473046475612,0.8805424342512167,0.12799973557145497,1.0,0.7415491764522959,0.9153323649373475,0.8742556627531612,0.8921714262815875
BAC,0.8731004062246266,0.8395948578222192,0.9265908573905679,0.851861844610295,0.8605412385656399,0.9001931613793362,0.9212428705183558,0.6765611538414324,0.4437645691729853,0.4437901234822794,0.8832909094900795,0.4578524221972206,0.9198211969410786,0.9015470117547937,0.848556024796936,0.6973808542643929,0.6866175222131901,0.7841965236837787,0.8703228301122685,0.3149259664303716,0.8855452989444468,0.8314570682621456,0.4304242219192702,0.5198210839128902,0.8050772049048609,0.8869349974110768,0.88588100678419,0.8904259917777605,0.7366739886047734,0.88635958614269,0.8325466505336455,0.7406339893927574,0.7903409285881077,0.7713348047523272,0.7278165852441671,0.8398072249128504,0.8034614219706996,0.8514433823025994,0.6541460807758551,0.8195875129883083,0.7964900491194377,0.8969111879164345,-0.22799058420481882,0.8998645618978705,0.8793609310775734,0.9021532396231837,0.8669029722196406,0.8713889816011414,-0.6466468397146143,0.742805910208328,0.8413239209045774,0.9217666540046004,0.9256756077295534,0.7244579438895786,0.0822416053812924,0.9588110484884864,0.8681499103551749,0.8362368054278968,0.6210119689960786,0.9210561254773777,0.8689190945212406,0.5692964940056477,0.646890410146902,0.9173977440180761,0.04013374570696041,0.7415491764522959,1.0,0.9282714000638095,0.895440647639857,0.920664087863996
BK,0.9679006765805535,0.917246125071452,0.9306913405295874,0.8251153029434254,0.9402748016244977,0.9277392592943633,0.9129204198057438,0.5102132909188289,0.6725275055743438,0.45311491198674564,0.9615587363061713,0.6255041704662324,0.9572187142593451,0.9418698410093084,0.9643339097899782,0.7917375762769141,0.8728785417996148,0.8096749879098286,0.9410441747636816,0.5526700143471046,0.8323531118416084,0.9130063446452742,0.6815345183819522,0.7099577009472035,0.931321356845705,0.9678421865680441,0.952561174426583,0.9513483214900035,0.8996624032472047,0.879296982369891,0.9315675334542438,0.8958543270735233,0.9260711215235287,0.8266641152486359,0.8942426635446039,0.9365081984586155,0.9237421666555613,0.942856038304252,0.8479870244355568,0.904420762042308,0.9343628368977959,0.9712980430450986,-0.2210516780529606,0.9562439200011056,0.8937442547871531,0.9520436750308736,0.9670902362692032,0.9613791817095004,-0.7769787334102107,0.9098992300782269,0.9078156199983338,0.919477407831319,0.9647535032504334,0.8606188670593304,0.05772448013971285,0.9170199468216729,0.926820656057827,0.9455948901133525,0.8022763331012202,0.9156938327143672,0.950160897410854,0.7863276372690118,0.8453350145754759,0.9572861672509969,0.11779880369247757,0.9153323649373475,0.9282714000638095,1.0,0.9275581864085408,0.9568783623239716
BAX,0.9452298839831071,0.9404966799187406,0.9257639930994608,0.9128804021783686,0.9724302681777671,0.9714827427113495,0.9686610946925709,0.6186670203077906,0.5487471907419016,0.49447361258968775,0.9650715929724148,0.5307086827465632,0.9633462627770385,0.9711429645365713,0.9287067454160773,0.6498793455290565,0.7659029722390951,0.8836208356845865,0.9421334193765298,0.4617286278506604,0.9371105004771977,0.9136479717351098,0.5274877535430625,0.616317988051953,0.9399468603550886,0.9588602040422324,0.9680981054144897,0.9713187155702674,0.8627755917554129,0.9579647915828741,0.9570879348959174,0.7779691046488884,0.9280685796021464,0.8424784843736769,0.7637205631535544,0.969300998470192,0.9442987088437669,0.8891482111011587,0.7319486870951947,0.924129623362137,0.8987070214482923,0.9714223383388869,-0.2163172189820424,0.9735072051029539,0.971590673995351,0.9541090956170499,0.9588786794698467,0.9546888901444934,-0.7620227970760367,0.8775096090783087,0.9438969478950895,0.9455137408548488,0.8905482798314301,0.7656505576324655,-0.102502872700971,0.9525434894206727,0.970195646846359,0.9191314198462258,0.8091189663914881,0.9648769107633385,0.9643175009403301,0.7222769645033359,0.8289127155979389,0.9651543668070227,-0.024354262184196483,0.8742556627531612,0.895440647639857,0.9275581864085408,1.0,0.9459371949850347
BBT,0.9492845008450569,0.9443393299812262,0.9313578411259889,0.8491794044345667,0.9477816961573702,0.9192217211731548,0.9274323279272173,0.5282415271088993,0.6408531058611739,0.5111157729994908,0.9514183676909562,0.641093941437649,0.9488820098101689,0.9479529408170855,0.9428031631010914,0.7687188365911877,0.8209452378329498,0.8253264172215852,0.9209207025793695,0.5711359543343696,0.8692797054030359,0.8456693833363796,0.6206569075905005,0.7246115498483433,0.9214247692462982,0.9653791005811134,0.9502752825173475,0.951788327830911,0.8715281512029613,0.9009583401207204,0.9307341902494307,0.8612030522155953,0.9098071438792253,0.8896527193513637,0.8465487861464169,0.9430444813791562,0.9155657310172497,0.9368890606974831,0.805099923382368,0.9388405421064813,0.9209452685101637,0.9690450977491668,-0.13300284881654256,0.9671433640476006,0.9357942751168318,0.9417541129636905,0.9551522393465783,0.949755986305676,-0.7724717460029553,0.8790301942673093,0.9353778334156255,0.922150342109135,0.9269567513078678,0.8330326759903468,-0.05880224009221651,0.9366178442914815,0.9672255682236803,0.9214693956458739,0.8216222147730277,0.9237208763215099,0.9545589081581292,0.7716829466363158,0.8235147089115114,0.9372114548730304,0.05539786887443679,0.8921714262815875,0.920664087863996,0.9568783623239716,0.9459371949850347,1.0
